"4vL2Fg5rb5DmXdJd2LpWvZxhJz3W6ZeKyzx4rtLypagw", # solucky
"5TgxA2nDc1aMj62i1icdxQKVY8FDrw6a53BaeWFX1Cqs", # max
"FxDXesUSdXxZeDfRz9NgHoZRXn71e3Guch7GFTRu9gUj", # patri
"BvTE4UkNgxiU2rVibWjU9wvXgDENFHXuf2HZ1Wj7p3qR", # trash
"FywjUkDvnUgUCAXPgjbmAmEap6R8oNdHhBxNiLnEeK4K", # quantium

"GVfw63Ytxm94tdz9d6jaWkX3SjdVFnJPTVjA9nvoVpD8"
"GyLjvigR8yHrB9tsyyZPkkXEFWprLTmt39oMuC7aizKh",
"6hHcjwyTYc8YEg8TmTDFomn1WesPynmja1MpPQbobxgF",
"5ytnHbdF1vVoFRe3U8P3nwscjjwD4X8zoKiVWXDwCEy9",
"CEyUZK5iHeTzNYVco35C8MUzMZisZXqqY4oy7LnxjNuU",
"7vTZNNm96xx6GzN6QAyY7goZgzkTGbnc4YbGK9GJyGy6",
"EPoLH1BNT1Ngd9N7Vvg795dRiGRyDLKrZvAZKtM9hv17",
"6BFvaUz8bq3vFwzoT5AeVCbGt8cA8dZF3WVreY1pBdyT",
"DtGLeKQhkbCqvZRvRAz8cEifqvsdR3dJkWQk3Gm3zsJW",
"Dey1iVcRKiftHErX6KMoe1eCHJkuknrzsXDHRdZmNn2g",
"3PDvQNGBFJwv5jGjhD71GD63B2EezFuYb7PWas5Vw5XT",
"7cGfATYa41jTCFso6gh8catb96dxNgj9r9JtdTbKkHas",
"4N9oKeJumamQvUXpnjxbcHydxzhr6QgkD2svGBEdMXRg",
"D57emDpuJ45Zqz5hpYpfuyPAMV2PckaB1sHL4xpA8XT",
"HDZF2idN7NUeaAzMXMXWFcKPUf76HUCp4xrn6Na2cGvP",
"FP1W8TUphvb6vKLK9FuAPRiAoCbNy7aTpsiv4kjKbW75",
"wg7WZx9isYPEbDBqDzsrdvaqMaED7YAnqV2M55fmGan",
"CCVioZRcBbCmzRMihNn65fJuK3nDAvKnCqgWZWvakx9p",
"DJF92Uw3KR2wnkYN8faApb6h3kZAn6gd65tnanBJ5enG",
"2FHerLDnVpjcAGaAx7Kf95ndGHQzdh6yTGT6qiBmv3jb",
"5fEiFpPGVLUCvNP1MxpJQsCx5K6CV5c4m9gc3GwB5bQz",
"CHb6aqkyc7EiPu11BszTbzFnxKo3YDMsKeziNUnLqpjd",
"9St5m3JTtqou9ZK1g6nxZYZxfj1K51zx5aLSkVVQjZdL",
"ctLiDav1T57e2gMsrJCEWLsBx1WapDVFwqNjQc24Dw5",
"8KoTW9WZTSczi2un3vvWxxLKWHVGZB6BkfK6iphXXPyV",
"GbC1qBhFqJrx6ybFvVbtQhq1KTsiv88beKHKzf1rD95J",
"6ReQktUyAou8zW2PBjPHy8nmLv6LeiERNGGWg8j6c7Dq",
"89TXz1GHG6QfMYqLR1PRcRNjaQPgqe8BDkYFPytRLuBp",
"CDrBPZiPJUkjT1XGpR7CTtXJoegHQLGTMszn9SS2j7Tg",
"7vTZNNm96xx6GzN6QAyY7goZgzkTGbnc4YbGK9GJyGy6",
"4iGWDiEA36frV9m97NNds37yQbuZAwG3tokdDrNx3RSn",
"3tuSh3Ls5L1RE7ou7EiQQqXH6RtJLqYJGRw3ECk6zSxk",
"BLcJAED3N7UPtd7aTkLubGKQ6VYHzH857QVL8oB6y8Kn",
"J3MiHj8nkrSZ4pPo3iLUAyCfX43kZ9SpLd1VP9hQ4dJc",
"HDZF2idN7NUeaAzMXMXWFcKPUf76HUCp4xrn6Na2cGvP",
"HDBJRGGv3PLGe3m3d9dP4JnXSLVmm9kjPBSuf32WwXAW",
"9f4JphvMx1ebd54PRSBG4cn52TAAVrheVqpWVxxG1j6F",
"F6yU2q3HU2Tkrs3T7T1NTRveHxGeWkbFqfAqH5kNFhDr",
"A9aXqB6pyMMykcQ3LkT8jLA5bQb47qJQkUmunxuXGiRA",
"F28vXs8Bxbk4E9i4vsBiNnYDtfFweCTPYUjqB3Cei6ky",
"2X2MTsfmznPTwPpzAGRJ6tT4miNZuU7ThhjnLxX88rBr",
"3tY7tQDUzFfjk5JR6FkYSo1NfQVUEMGRTt7gSJH3hEEs",
"5WSVCwMWfQKuXK3AcbuDejjwAT2vMkar3PsZEeBusiN5",
"FhKsNvYuskB6TQkzr9wMZqG6FFSaHj5mLuFxgNtX9zCd",
"Fz6Kqq2tWTSbXNuhMq29BvDcZzDbKjkJyWoZu3gRZWGM",
"13g7gVeDMZPAVZv12EPXD99m5e8W5NvY7vkiHnc2tkNy",
"CjL8Z1Wrgr8mxvUnNQUVhaTJsdc5KVnUxsvntKdg93Bh",
"89TXz1GHG6QfMYqLR1PRcRNjaQPgqe8BDkYFPytRLuBp",
"H1dfPuPGSMt3JiLLU8pRgJL7m6nXzYqCdEFpTQMHzJbZ",
"7cGfATYa41jTCFso6gh8catb96dxNgj9r9JtdTbKkHas",
"8yP56rZ4UU6Jo2EwNKnBEW52TE46wArWdDeiUUgtxRC",
"BCkkuSqQLnKNovjGXZ8HXouWJoRvCEqAiC6yPEVmH5EL",
"3sRQdjFU7eeQRkw4SgrnXnqvZJu4jR2JhpzZzzYpGrLt",
"9sSMxkBdYRHk4SkpAAvitFwDDGvYeoEWgWs2N6FWUdq7",
"25ezNYxHMBG8mX2jcCw91f7H3kWP68KoMWo32F7hPNRn",
"D9JUgQwGoQRKXU19yCgRF71fqixpNHg2U7xc297xG9aU",
"GYBDVysM8rvxjUe7Q1BYd9uZ5Ng8XqbtF6T9gUdDnvV5",
"GxqP2c24HWGqia9pH1zaeCXJ1n74Vch7sYcJ9KtbP8wK",
"AWwzUygYk54c5QYRvYDbXHCxxvDh9RxRMgCRo9Z2f78Z",
"3AWjgy9bVsBdUbubLDPR4hA7Bugs9qojXexPhE7FnNj6",
"5vRvCiM9CHowdce1zEJ2GGyP7UAndxe6Li32rzTojAti",
"Hryw9dM7Sp26Xd4Vn5ZZqGYRGffHzuSNnP64ekDGCzqw",
"2CSPxsW7VfN4USjZyiUB5Cdv4YMLmv2BHwMztJjztJce",
"5DoetFbGJLgFT1zMTYzRDpqoznBGuHZA7kWF4gWww19R",
"gbyQXrC6p9bf33dRQqaRqgAZCVGG7uhLusneVGM63bj",
"HGTgutGNboqa4CZ8BRpsht2qu9RibnwzcNWKaS8bZFjy",
"36kciJAU71RBbXnsFQHVgjZideFvb2ANNss5ixGkmyY4",
"5mGqeytXCmMSgKs7GMX1pp1tkkQ3x8BWYFMY8XZRujDd",
"3keezhhXkXKjGa3ynoG9qEnUdyXoVX9nL2ZxzkbTvviR",
"CCVioZRcBbCmzRMihNn65fJuK3nDAvKnCqgWZWvakx9p",
"CSo5zVoorg3vH9yZeDqtx92JvDKnUDKRTQKvo2Ug15QP",
"AGbKPcbyPBXH7E6hdFvd3fiGAsq81WatLiawoKVkbS5h",
"CRSvZ1ndJmkaZxoQ2bWySBjXYhUxvSEnW8HEZf8C7xq2",
"DnbGiVQkJKYU21Lys6MLfci3sNCgJRZd7hEVcCEoVp41",
"6r81MBiyKw9wtkEj9tjvKwgVXrqDMbFny5pVDsmUHyyM",
"qn9nikQ8MMryu7EjgDC7ymerFcsGW19sRd9rh2ScMq4",
"3gq8YmANMhukqh31TEvpdyjtekhEi4kqrC21PKYSiVrV",
"EZfjJxBWLiVrUubiYFAxAmn9hAHtvAYUCde9fTkvQNZ1",
"DJF92Uw3KR2wnkYN8faApb6h3kZAn6gd65tnanBJ5enG",
"3JPWE8ok61CTzQp7sRgVxW7vXZogL2CP2SQaRTymxek7",
"AcLSFNivGXo5DnoPqAdVxHB7qQrUvxjgXxmrGhEFH6v4",
"DUcZrvDvj24XyAPzbyd2XMoK9KF8qMdrWZNwo5CvgSfA",
"Do2NZYp8f3m1Xwt8zTThUaqWDGGmWbm54q81RigwRg7g",
"7LG7taEB5Zx1Sg8qCEX8xD3GctLG7nJXAbR2Hwrsf1Wu",
"7ND7i4kcx9CQTrhkpFR5vop5e6naHvDccLSA9JBxzXwv",
"29knig4qCLvbnQRzMt27FSYppjngcsqp3AdS15c2rLVC",
"7VB4eCjECjH97KWc9Jw6YYBTRXEwm36E1hJCmxoigVKo",
"2So6mh2WkWJJeVHA6g9CCUwHVxE1PoR6ikhNQZvacThQ",
"7gAZMSAwqjYEFS7fFACsrRvkHEPUAGLX4DnrMQybbzfd",
"6HFxLPdMLSYTNzDCbPbb3wN3aMkg6MYchf9HW1BFidki",
"3AWjgy9bVsBdUbubLDPR4hA7Bugs9qojXexPhE7FnNj6",
"A4Hiv27LPowyKx26xHJTQrSHyQfbm9bCf8dReHfHRmAi",
"3ibygfWNdkg2D5uADgmPaXjNvyNu38kEsnkFx3TnRBD4",
"3AWjgy9bVsBdUbubLDPR4hA7Bugs9qojXexPhE7FnNj6",
"9SLyyz3wfz1PXrnfnkgtyXcWZLjw6ExnGCqYyng59Ug8",
"GYuLboCrCFLjM3v6NS9SAxqyvAMFGRqCyc3tWLzrMusr",
"3AWjgy9bVsBdUbubLDPR4hA7Bugs9qojXexPhE7FnNj6",
"FKUJN8DxBfxZubFJqeXH3isptCFffhqD7zuiTjr1fha8",
"7DYvNDy8GP72mftHvE5EaBMdX7wS18w8XxFPoHbWc4c4",
"3AWjgy9bVsBdUbubLDPR4hA7Bugs9qojXexPhE7FnNj6",
"C29TTHPkmNrps4rTwyTC8p9aMAo1csvGmetp7Zndb1Lh",
"3AWjgy9bVsBdUbubLDPR4hA7Bugs9qojXexPhE7FnNj6",
"CpThYY1c1gmg9BVFf9rGoXFJ8sAGMXv2E3AmWvJQEizf",
"3dFewcqSjuUabLcCVPf5fw6mCrfvnMYDcdi546wy3ZCv",
"3AWjgy9bVsBdUbubLDPR4hA7Bugs9qojXexPhE7FnNj6",
"3symPwDs5HPqnXnZXcFA12MVxLQnsh9gJBYSCJCcGPYy",
"6xy65xGuGJHkgXpG1RGVCWeWWruPQccctQyy92AYVcnC",
"9nHy4kEXtGnxV1HiZq7k3XZMzniheaZJP8PE2FU3Ecbq",
"B7uTrLjTWqWZW54dZKQHMLLQJaKmimTgnEcrAD2V41cD",
"6h2GqpU8GTuKgsWSQUuwYgbdqj9SiiBYJNBHRambnrSi",
"5xvXUgNVp7oHqndcq4qrwiJGugFk9HmR9fSD9kdneXBT",
"6AyRVR76YwMPErn4iHp6Cw2HqMrZLcpakJLYUJqqKJXV",
"HexcKLADDnx8o4J8yWkEBpj44yumnMEDBfpXh2EdqyKV",
"FRCWHFb6b3pCVmgZNbmj5kVSboZEfAmBCvQhWAoNLHG7",
"5BBivvfMMZzKwBuVozGux1WXhsqJxD3SkdVnWWm5GrMc",
"F6yU2q3HU2Tkrs3T7T1NTRveHxGeWkbFqfAqH5kNFhDr",
"66wBhG6tLxMpB5DDEJxPRBkQFtLgCcYc8xvtktCETghz",
"D98ASbYM9JdrYJCZhCZQbmtXMab4pK24aCtr3zFqsR5K",
"CfPfKL7dFBQiUzJ3KCrJzsASEWTGZ2Keo1UhnutcjnEr",
"9iX5He7ZQdvtSG719ob3Uwe6TS4uztqcVrm6oSjCT6NN",
"GnyeXXNpuWuBmJ62ryc8nRH7Jz9SDtVR1ui4W3u5CaEN",
"CbjJTNGoN6f3Fq1TX6wjpyJjEz2FMFXZR67sb7DZvQt6",
"743jvS8tbneD5rwzqxEDTs9ZLHzYyMjpMJz4vF3SsTky",
"5fEiFpPGVLUCvNP1MxpJQsCx5K6CV5c4m9gc3GwB5bQz",
"EiguqX1ofHNkPgFAxkiZVRaQh4d9cZ9zhA6JqW8fyXzG",
"7afeBwB8vLm4aBW93HoHWiuS3UPKJuSzTvYzJMHrhU32",
"FRTCobTn6gqnPkNcbhSf2fmiUC1duCy4sro2XQhNCaXn",
"E5hjMW5Fr4QQnu9j9EesTFBw7LPEY9JnsMwyyA5xCnLB",
"DkFohs8E7HtbA7tUN8zbcaUTjB2FC8AGnxQjwEjJFGk3",
"Hauqk9HPBWA44mP1Fiq3gXQM1kwqMQLVDUmR9gKTrCag",
"DaDJPXdQNGJwgrQ4n862L63rquqgcWuR8ysyymQX2syt",
"EJEDoAos29wMch8skvnKTPnfmz6F3sX8ksYCbL2iuFa4",
"G8zuNFjpaY7uEn59GDeb4PQSGvvqx1RewqtJwWyicPui",
"9NKPVQfhC9JQHEMB6vdP47zjbVJ7wiiZhB7a7bfm9f3K",
"3AWjgy9bVsBdUbubLDPR4hA7Bugs9qojXexPhE7FnNj6",
"9DaSYeHwC6mE5oPMExUqQauh3vNHprDTCgAwh47fXfLA",
"9DaSYeHwC6mE5oPMExUqQauh3vNHprDTCgAwh47fXfLA",

"3AWjgy9bVsBdUbubLDPR4hA7Bugs9qojXexPhE7FnNj6",
"FKUJN8DxBfxZubFJqeXH3isptCFffhqD7zuiTjr1fha8",
"7DYvNDy8GP72mftHvE5EaBMdX7wS18w8XxFPoHbWc4c4",
"3AWjgy9bVsBdUbubLDPR4hA7Bugs9qojXexPhE7FnNj6",
"C29TTHPkmNrps4rTwyTC8p9aMAo1csvGmetp7Zndb1Lh",
"3AWjgy9bVsBdUbubLDPR4hA7Bugs9qojXexPhE7FnNj6",
"CpThYY1c1gmg9BVFf9rGoXFJ8sAGMXv2E3AmWvJQEizf",
"3dFewcqSjuUabLcCVPf5fw6mCrfvnMYDcdi546wy3ZCv",
"3AWjgy9bVsBdUbubLDPR4hA7Bugs9qojXexPhE7FnNj6",
"3symPwDs5HPqnXnZXcFA12MVxLQnsh9gJBYSCJCcGPYy",
"6xy65xGuGJHkgXpG1RGVCWeWWruPQccctQyy92AYVcnC",
"9nHy4kEXtGnxV1HiZq7k3XZMzniheaZJP8PE2FU3Ecbq",
"B7uTrLjTWqWZW54dZKQHMLLQJaKmimTgnEcrAD2V41cD",
"6h2GqpU8GTuKgsWSQUuwYgbdqj9SiiBYJNBHRambnrSi",
"5xvXUgNVp7oHqndcq4qrwiJGugFk9HmR9fSD9kdneXBT",
"6AyRVR76YwMPErn4iHp6Cw2HqMrZLcpakJLYUJqqKJXV",
"HexcKLADDnx8o4J8yWkEBpj44yumnMEDBfpXh2EdqyKV",
"ctLiDav1T57e2gMsrJCEWLsBx1WapDVFwqNjQc24Dw5",
"8KoTW9WZTSczi2un3vvWxxLKWHVGZB6BkfK6iphXXPyV",
"GbC1qBhFqJrx6ybFvVbtQhq1KTsiv88beKHKzf1rD95J",
"6ReQktUyAou8zW2PBjPHy8nmLv6LeiERNGGWg8j6c7Dq",
"89TXz1GHG6QfMYqLR1PRcRNjaQPgqe8BDkYFPytRLuBp",
"CDrBPZiPJUkjT1XGpR7CTtXJoegHQLGTMszn9SS2j7Tg",
"7vTZNNm96xx6GzN6QAyY7goZgzkTGbnc4YbGK9GJyGy6",
"4iGWDiEA36frV9m97NNds37yQbuZAwG3tokdDrNx3RSn",
"3tuSh3Ls5L1RE7ou7EiQQqXH6RtJLqYJGRw3ECk6zSxk",
"BLcJAED3N7UPtd7aTkLubGKQ6VYHzH857QVL8oB6y8Kn",
"J3MiHj8nkrSZ4pPo3iLUAyCfX43kZ9SpLd1VP9hQ4dJc",
"HDZF2idN7NUeaAzMXMXWFcKPUf76HUCp4xrn6Na2cGvP",
"HDBJRGGv3PLGe3m3d9dP4JnXSLVmm9kjPBSuf32WwXAW",
"9f4JphvMx1ebd54PRSBG4cn52TAAVrheVqpWVxxG1j6F",
"F6yU2q3HU2Tkrs3T7T1NTRveHxGeWkbFqfAqH5kNFhDr",
"A9aXqB6pyMMykcQ3LkT8jLA5bQb47qJQkUmunxuXGiRA",
"F28vXs8Bxbk4E9i4vsBiNnYDtfFweCTPYUjqB3Cei6ky",
"2X2MTsfmznPTwPpzAGRJ6tT4miNZuU7ThhjnLxX88rBr",
"3tY7tQDUzFfjk5JR6FkYSo1NfQVUEMGRTt7gSJH3hEEs",
"5WSVCwMWfQKuXK3AcbuDejjwAT2vMkar3PsZEeBusiN5",
"FhKsNvYuskB6TQkzr9wMZqG6FFSaHj5mLuFxgNtX9zCd",
"Fz6Kqq2tWTSbXNuhMq29BvDcZzDbKjkJyWoZu3gRZWGM",
"13g7gVeDMZPAVZv12EPXD99m5e8W5NvY7vkiHnc2tkNy",
"CjL8Z1Wrgr8mxvUnNQUVhaTJsdc5KVnUxsvntKdg93Bh",
"89TXz1GHG6QfMYqLR1PRcRNjaQPgqe8BDkYFPytRLuBp",
"H1dfPuPGSMt3JiLLU8pRgJL7m6nXzYqCdEFpTQMHzJbZ",
"7cGfATYa41jTCFso6gh8catb96dxNgj9r9JtdTbKkHas",
"8yP56rZ4UU6Jo2EwNKnBEW52TE46wArWdDeiUUgtxRC",
"BCkkuSqQLnKNovjGXZ8HXouWJoRvCEqAiC6yPEVmH5EL",
"3sRQdjFU7eeQRkw4SgrnXnqvZJu4jR2JhpzZzzYpGrLt",
"9sSMxkBdYRHk4SkpAAvitFwDDGvYeoEWgWs2N6FWUdq7",
"25ezNYxHMBG8mX2jcCw91f7H3kWP68KoMWo32F7hPNRn",
"D9JUgQwGoQRKXU19yCgRF71fqixpNHg2U7xc297xG9aU",
"GYBDVysM8rvxjUe7Q1BYd9uZ5Ng8XqbtF6T9gUdDnvV5",
"GxqP2c24HWGqia9pH1zaeCXJ1n74Vch7sYcJ9KtbP8wK",
"AWwzUygYk54c5QYRvYDbXHCxxvDh9RxRMgCRo9Z2f78Z",
"3AWjgy9bVsBdUbubLDPR4hA7Bugs9qojXexPhE7FnNj6",
"5vRvCiM9CHowdce1zEJ2GGyP7UAndxe6Li32rzTojAti",
"Hryw9dM7Sp26Xd4Vn5ZZqGYRGffHzuSNnP64ekDGCzqw",
"2CSPxsW7VfN4USjZyiUB5Cdv4YMLmv2BHwMztJjztJce",
"5DoetFbGJLgFT1zMTYzRDpqoznBGuHZA7kWF4gWww19R",
"gbyQXrC6p9bf33dRQqaRqgAZCVGG7uhLusneVGM63bj",
"HGTgutGNboqa4CZ8BRpsht2qu9RibnwzcNWKaS8bZFjy",
"36kciJAU71RBbXnsFQHVgjZideFvb2ANNss5ixGkmyY4",
"5mGqeytXCmMSgKs7GMX1pp1tkkQ3x8BWYFMY8XZRujDd",
"3keezhhXkXKjGa3ynoG9qEnUdyXoVX9nL2ZxzkbTvviR",
"CCVioZRcBbCmzRMihNn65fJuK3nDAvKnCqgWZWvakx9p",
"CSo5zVoorg3vH9yZeDqtx92JvDKnUDKRTQKvo2Ug15QP",
"AGbKPcbyPBXH7E6hdFvd3fiGAsq81WatLiawoKVkbS5h",
"CRSvZ1ndJmkaZxoQ2bWySBjXYhUxvSEnW8HEZf8C7xq2",
"DnbGiVQkJKYU21Lys6MLfci3sNCgJRZd7hEVcCEoVp41",
"6r81MBiyKw9wtkEj9tjvKwgVXrqDMbFny5pVDsmUHyyM",
"qn9nikQ8MMryu7EjgDC7ymerFcsGW19sRd9rh2ScMq4",
"3gq8YmANMhukqh31TEvpdyjtekhEi4kqrC21PKYSiVrV",
"EZfjJxBWLiVrUubiYFAxAmn9hAHtvAYUCde9fTkvQNZ1",
"DJF92Uw3KR2wnkYN8faApb6h3kZAn6gd65tnanBJ5enG",
"3JPWE8ok61CTzQp7sRgVxW7vXZogL2CP2SQaRTymxek7",
"AcLSFNivGXo5DnoPqAdVxHB7qQrUvxjgXxmrGhEFH6v4",
"DUcZrvDvj24XyAPzbyd2XMoK9KF8qMdrWZNwo5CvgSfA",
"Do2NZYp8f3m1Xwt8zTThUaqWDGGmWbm54q81RigwRg7g",
"7LG7taEB5Zx1Sg8qCEX8xD3GctLG7nJXAbR2Hwrsf1Wu",
"7ND7i4kcx9CQTrhkpFR5vop5e6naHvDccLSA9JBxzXwv",
"29knig4qCLvbnQRzMt27FSYppjngcsqp3AdS15c2rLVC",
"7VB4eCjECjH97KWc9Jw6YYBTRXEwm36E1hJCmxoigVKo",
"2So6mh2WkWJJeVHA6g9CCUwHVxE1PoR6ikhNQZvacThQ",
"7gAZMSAwqjYEFS7fFACsrRvkHEPUAGLX4DnrMQybbzfd",
"6HFxLPdMLSYTNzDCbPbb3wN3aMkg6MYchf9HW1BFidki",
"3AWjgy9bVsBdUbubLDPR4hA7Bugs9qojXexPhE7FnNj6",
"A4Hiv27LPowyKx26xHJTQrSHyQfbm9bCf8dReHfHRmAi",
"3ibygfWNdkg2D5uADgmPaXjNvyNu38kEsnkFx3TnRBD4",
"3AWjgy9bVsBdUbubLDPR4hA7Bugs9qojXexPhE7FnNj6",
"9SLyyz3wfz1PXrnfnkgtyXcWZLjw6ExnGCqYyng59Ug8",
"GYuLboCrCFLjM3v6NS9SAxqyvAMFGRqCyc3tWLzrMusr",
"7d1fPEpF95iq5GKmWTQUMWdanHoqz3Mfgv56bvBkPKMD",
"FgGpymTMY7w4Pa7KoQMS9r9qzGYnbBxzvbS8zmKg99cw",
"FUw7w5KNUcZFmY6PEw1c4vVuQZvMRHzis7wXrLDBJf97",
"GbujPE2Q74eMazxCPiYSp7YRiaz7mmHps9Z44dsBXCva",
"28QEAWfX9Fm5NWMkScpTkk5iVEvpaENwPSzT89pU4MMj",
"47bXi6qE7YisNvoGqfnsYc97dNQcpDLh5EncXsd14dY5",
"D4xb361YpwvoA1qvD76xXdM7Aqy41p3kM6KGmm4QrcKH",
"81CsUwDAjYoCwUYmTCTjDyZfyEGSTcGhTrnUGdgVv6FD",
"A1uafrRvevhhUJG274VDzw9aKAVPEYBWFL5b3iMsbRnr",
"83BiYYFD8pXSQ9AqEEuMcKuKmsGCd8XvKzzQXD1BPbXV",
"J5sqbrcNTmqo7WrFBtDUV4UY8KqJaipTxoDKd5Jw45ep",
"5hqjbP7wRwpjiygCiiMQUAVKPBhym8TGNEQEPUEcwJDK",
"6C4Lqat1XQYAQwRuq9qp9cFMY9JDzLqoEAZwRNwKcJnR",
"ASzYqGGygo6NrUX24m5zD94TxkcTnjZvgb1d4oCyXtZW",
"E6dnk2SqEbN8c8pLsBEGp2n471QT6DKrAnGeicAVg38n",
"9UYtoaYNWp6Ch6rowXfMLJ8H7Ch41YSw4MhFjkVkWyKN",
"HihdVEvHHvGdNKZUpBmMqLfSCa5gN3FdxsQ6fCWwVTxk",
"F5j4eG7CNSNnEL33y6Je2QY9s6mighzspW8bFwt6wL4t",
"KeGhrgeZogqEvdDDWjDP2kwfzD3JpFNDc6nAq54kfME",
"5TxTG2QsTLLXkEL3jj35q5XjtXCHYuQMCA1VmdDDqifH",
"3EZdYkqkZ4eSRdgQpopRK9oLjB9GeS9Fq2rzS9NqcRHE",
"ARhy7ZXuVaR5aKAkPqw7r9QTuScT4ubPrpmM6KrJgiWA",
"4RcxQhLSueZgbA1FWiFiLdceDLhYqK4goZgz9tLmoeTX",
"DZTWDypzQLSHThSBpUhArfMdrV2Y3h15zEwYJhr8mV4D",
"EpK7rHrLRuQysciiKoUwHAWuMTV57ya8FyA3pdBRpgeB",
"AZzg82fvVkq1wyMBhi77bT9zHC3BrgEfQXU6S1gphfvZ",
"CHmrUEFsoFfMMc6XUfohzX6vZZy2N3ydRVt6eEiG8Atd",
"2VMXpG6hvJe6zEwMVmtbeFrGTbbbyNR21ii3NChkLViK",
"BurL1qRzXkDfz8kf56swMZsso4Q19GvuVvXbKFatYnp3",
"8Z6u8Fk4NoWJySCRpeGFkkYLX2f1DsieHfSXpPtiarBE",
"93FHhHNgods1b4K3b371yU3hvFswwAw2iySNAUEdcjgn",
"HcV7DR3TL3LPsEru6FJcvLP84JnvhZF6fq6YJNZmZLB2",
"Cc4v2jpBXyAAktTcNJ5SoEijeAPYKycjXEVcNJ6gY7C",
"Binta9NUotZ2HX94G2nixiyzC5s8YSNKUHANH5vEB4JA",
"4ZwRVuTw3Vevj1z2jAupnzqjdktk3k1zWN2U9grF8kmz",
"4PmrLpZLk4UwZQUCFZGRxNB6BpkUD8f7LRRHec7Tbguv",
"2DbvdwSExS5fAEzkiqRLQwVN8gXLxp7v83bKxEHskw8T",
"5z7bfnuEDaheLQv7degUNSCPwEVPFZ8Z5yGh3vC76ANR",
"4y5VAgPC9yBQjnkZLshGapJAZ3fmqUeFxwnwSiQE2Ne5",
"J7fEjNWHUeG685HFwEtX3oWrLuUN89tD4CouCcHPWEaT",
"4eTZcXWE4FUgCQDQcgr8mJinzWjFExwMopFDyihpTUH5",
"Fj23DLx1yEEnmxUUUSuFexQTiWJkVeRpUp3r5LuVtPZZ",
"8UiooRoEdwuXL16diXdNkDzJjboabDrbqw5Vy3JVJgDn",
"Ffvvwjthf3uH82UZdaKBzV5jiyGxU43QdzDeSg4uHShY",
"8hDrVY6StxzyvH8K3fxfcvC9NcNvbsdJxmThQHqiwnxX",
"EmHXkPBrtwkPzUQ5Aavjj4nVxMiVAe4ZuSkun4rryJ5c",
"5baC8KdR1mDt9ogzHhUfKGRBipNzgrZBZEEoNzC4c8pn",
"81z1xaP1GTcprSEi2ShxDsvgQr6AWvKn761mV9UWyc42",
"5baC8KdR1mDt9ogzHhUfKGRBipNzgrZBZEEoNzC4c8pn",
"kDmib9xH75hpKrNN6iJ4R2Tu81XwQAVMyuK1b8LrKVg",
"D97QrAsz7V3u94vC3wk7oZcw8HdQriQDtS94hwdqBri6",
"4fY2JniAgG7fPpozwYEyHzXW6TEPg4dq9NDoeT6Ax8Pa",
"DrEmcQtA6Hu3vRNF6ZapVu4c7WEdEA53BNSDyKVgqbn3",
"J5Ksk8w27HRYVGwEwEw7BxNMXXe6mXLfGqRJaXHRBBpP",
"FzEJyizGFcZ7stT894Vcr3ExLWb7jpwdJjYNF6fehvzr",
"3YXRpR8dB1yFK2GjpeUuBnSEk7i78bEcqeJdyksaTPF5",
"2jqDBrMXRYjQmGaG5XqH4Z4Fb1m5CB8WiRsBaNTDVnJT",
"5PwhtM3Y9HESfVnLqfu7gXW5Hn9WvfDX8JomUwqAPp2",
"BYgWJbe1U9iXTkRTDx78xq3CzYjo4Qarm9QbEnzavKuF",
"CQW4mWEJgcyA9p992yyiuuibR5gZka6zvyEPq7gJP3MS",
"9mbxbKTmwPuVU7SPEcHzBqtGzDuqpn4GJ4wZ2yzwzyrx",
"35LAUrG5t2p6LdCmVmjo9AV9CFfxkesRmgktxGPB2qX4",
"3U3CFc4GPKufDDror7aB9AaN4MKHp9oH4fEQnPju95Jz",
"81CsUwDAjYoCwUYmTCTjDyZfyEGSTcGhTrnUGdgVv6FD",
"f82AG2smvzAMQwQaijtoAZW26Q9L3p24xxgFwwK1d9a",
"5pnhbhixQAQBxHxH3gtbaJ8SZQQzR6Wywkudt5iitmjU",
"AZM4eR7d2GAXd9UbW9aVU3G7J4ZAbmdFmx7hrAUEhbrY",
"AZM4eR7d2GAXd9UbW9aVU3G7J4ZAbmdFmx7hrAUEhbrY",
"BNBKCyEdch7NJEYjUErWRxx5iUXHSn5bF2xPdfUYwTtJ",
"FBJogbemk6H8oyVC3DBE6aUwhfnk6sC4aihBAY4m3C79",
"BNBKCyEdch7NJEYjUErWRxx5iUXHSn5bF2xPdfUYwTtJ",
"GWPT5nvjBjyH7RGLUTGjb9deWVGa9eJCGxxuuaJYaP6P",
"6q4d48aCHkPA2fNu8gTdmyem87h9dsEU4sMAVCDuAtDN",
"EzaFi2yFNxjGhEPST1iBGKto7tTJmQv22cigGRwZxywX",
"H71QqhHHtKTu3tmkevHX4DfY7KpVrfz1kM69Gnevi5mB",
"HbDfFJ9ccvXphf7bzK6eZ412aystUobQE5XXz1UUxfNr",
"H71QqhHHtKTu3tmkevHX4DfY7KpVrfz1kM69Gnevi5mB",
"54RHAGBgBf8E2VzGBmZix9EriYHk8GZH7Y3nZ72T5LS",
"4EYKDNUsSny3WtqrhaUHdmRUCQdJKnQtgyDTCVZLqU65",
"sLpbTxLESAHRhNL5hQFiwaU9XpWfpNedTCTKPaGPERV",
"GXwUzsqnCQRNMi9DBTmS1jFoFTP6ERUafpjyAskisGb5",
"H71QqhHHtKTu3tmkevHX4DfY7KpVrfz1kM69Gnevi5mB",
"ADqXQNN6EV9iajttkuUhJo4jpTv66DwF4uBbRYUipFfJ",
"4EYKDNUsSny3WtqrhaUHdmRUCQdJKnQtgyDTCVZLqU65",
"EL1F72o9zK4cBjUnmeSZapuk8bTwSNmz5YXmxvn4srXt",
"3EZdYkqkZ4eSRdgQpopRK9oLjB9GeS9Fq2rzS9NqcRHE",
"8Z6u8Fk4NoWJySCRpeGFkkYLX2f1DsieHfSXpPtiarBE",
"Ancxvx2pHeH1CvT9hDCKg7C2nGVAMxQQbKQw2y9v5q8U",
"BWS3GF7jZ1oGhz1reyWMkEVLwAMzrzCiq8pU6wxj5uBm",
"81VQmjKrZRJJcDtp1q1nynuixSkb3rWP3P4aheqN9FV9",
"TxA5jNmpigRA2i5467pFaB5ygQ9CUhzny9ipTNBCQvg",
"4W4fY1LvFr6wBVTLU8dUrCh7yUMWx49vRbXLmr1KtHUG",
"CLKuypYajQq5ub5pAZmFrGy1q8mQxgM5mW8YHPqgL1UX",
"ADqXQNN6EV9iajttkuUhJo4jpTv66DwF4uBbRYUipFfJ",
"8aHMjhbLuaYEkp7K6kyTiXLAxYadqYoX4BfhoAzeGWAW",
"82c353jQDhkZpasEyJTKNVpQqhpjbxZLzMFPqN26Sokw",
"ApiPkRCp68EGuFW2JLf86iw4Me2Aj2nHhZsTstNYHZZk",
"DcpqEqtVR9en9brLyUoRHttfYAWJ7TTeAhx9omsoZ39P",
"8T9BDKqTxNmvG7aEbkKqw3osCkfmYsKzRaAPUS8jyo5H",
"UNYRLT3wMG5x7cYy8CF22AS1RdK3BNpp3mFYGj4uU5A",
"CA1mRqkMdKCiyvWQsqnYT3kkrhRNBafexhrKfgPGeDEa",
"AynE5vpeXojGKj2UeqdGL99aMwjR9SeMUrykBqvk8Mjn",
"6ajeY4z8FgAzcFFjEY6Y3FAeSLtTs7ZVZruNYyZfSF5X",
"6qgQn1NDKAPc2TxtYdPuGUB7UJ9tqDSkYpNyBrNCPMPx",
"4TXAWJ3QTAX49qgmrXo9tt8R2aiCktnEGqko2p1QyhCG",
"EZwXq1A9Js81txg25K29i4aKSiA3yKGfaAyeWzCHrLvE",
"7nEQsjwtconnbCwbz4sXuWcgEE73YNbQDkXrvAF9oqDb",
"JAWXuasAKrRzvYT7fy9F4BNAZCkoYXmfAdqn6MehGF1c",
"7hV4NxsXG4kPvBp2ghMo2cNhwj45p1S1rnYM1ikjgMnw",
"3ggGfDHa6poUipJzTvx71W8R2sx81DsJxPU9ZPbYnuqM",
"145QH3NVTEoA16agCcfqtEoHiSsnKpbXV5ZBQvLjBbeP",
"8bkkfoWKyaqKdRYKvoatCgHLYafA3rtxYLkzfXGfQNBr",
"DLaQYKwyd5bt3w1ehQg4QvXdzU4LbvRfa5B6KMoxzaxm",
"9EaVECEqkA6mm6MEPRyc9tXuJqTs7RLS2uhtEJh4jp95",
"8gWC3Uke7HBHSe6NcE3UMeLqf6ZmK72QyqN5kphKvcg6",
"HrsQoFnjegTBje7bRRY8inFxPX2E8rdtECqBvoespZ1U",
"HeJ1F88RH92YLzamV9PmaP3WBKRzFX2i1Gjy13oRN4jc",
"7ESzWRAqBxgTo5yW8Y8jnSGckBmmzw2V97rTJ5WdrAGS",
"7jjaAJdgCn5eXfWAcghb3SPq8yTtyWnNY8e7EjfaAUVv",
"FXu6Ue9nFbmeGe3e3qyZwEz2KqWMa9XqnLouYbRXkAcX",
"6cuxEWJd6QN1VAia8SHynPWVeDfLNTuAZp7kAddxvFyk",
"EQxvqw1BckgL6ak4RWKvG4B4BGmHo5ooBvHozAmgy4Uu",
"4PrCEpnK9kSH7gQMAgK2WdEXUSnuhyv5v5vj3ESRVU7p",
"CJEiCiTycc5E8zRxHyb6zZiqA5XPX3ZRwN6fVrgBrFi8",
"CUbrutGm7DyJEqF6eydVdT2xmxEWcdUZgiNgGiTZC8VE",
"Hk7QF3NQJ2f6w5gbKJnLzSzwKVDJiLaF7xooY1NUdR9T",
"Buy1guaNNKLVmS5QZ3tcekDFGUnz66NwRRdeq4x8J2NU",
"9Wu2JUGT9xEAV3gZfJsA49fc5LfTNfmY5CsVpNJXqGLh",
"E7hyAWesnAEja6QSxexFgYu3UntvQ6MNtnBZgFGwgLTR",
"AZ2zRLw91mGdCjmWsddXsie1ywrBSzomZ4oTzoGBDFWt",
"8JYD6tNxxRXrL2n4T661bUY7BfbfVkoKQSynK1Ungg7K",
"BNKqLPuX8HiQQsVhRHwSmGwiikd5B3fNY1L4BWFgqr9j",
"5N7DkswDHUAfSMakqVriQU5mXbVBxL6khtxw7Uxj3eDg",
"65pVGjqabP2ZQzqSKKm1UW34uDMDikqmZu8VJ9yfFdyv",
"2L4JofXzbSNLmoWKwvFW7Sgx3HuTgEkS1zb8aZoNpYBW",
"7QkxRQErLk9rdmHRUbSnQj5vdmqQjwCmNqp1i9Z8KcqX",
"73Jk7zHUDLtBqAmqw2b4u41x6KacqXKzb6qitft4wbcR",
"248NzC8Pjx8BGtpoTgQA4uAXRJwXnuV6UmTE9CKsuePE",
"4e42UmRhKjzsjGLkYqnvbKCrVNE6gQkhdUVoZ1GqCowY",
"8789oy56e7M5rEXbHNVeDibXSD7iF6AMnieWzidyvrP6",
"3frjUaLSfnV5UhQgriBYpUuHMwzwYVHKikPLan24gfVz",
"GfMcwY6sx6JxDbtjVrcSNqCTdeaMAQ7aA2E79EC2QH67",
"227TdLzCczUoh9LRzM6A71ygapmH6p9PmEDD3DbywzNn",
"2A5cRfS1DfR41w2aFUJNn2T1bMhFBKfMRyh9tCBzAf9f",
"GryptUWn6vQArmVPvQv5GQWXyNmGrgjaxTsDidQzMkuV",
"GjyFeq1QmDwAwSHF9ikivs8wpAdqhrSDKDr1qrEKPqxL",
"6vdsumm64ziEGz7sGPLLsNHCjxmVzdrEdxkB93Q4xggM",
"2mivxeqK7Mmc6Rca7vK2Q3wYquscRfGb1t8wWGZV4ev9",
"69jhQYKwY71TrB4QEid2mJNZ4yoWogEtkTrn1g3UtGNc",
"bxNU93qrT89sJ2aGN9aECxFguS1k545GL1aiyu4EtgJ",
"B32fnJed35yfhncFuSSRB1H1C7frkGwoU6LFgjyb7SPz",
"AXh2EqSLLiL1nuBfxCiwZGQ3J3vXyPp6TMQfmM3gk3zq",
"8gzQ13fPaAFLyRtLsut5HaHcxm6V4ojCM8okxvfhntH3",
"H9Rg41qenFgcQLZjKqS9eFiHhGHFhbDpDahdi6pb9fcs",
"Fb2Ksj3PS27qwqzbJReHxpok4GoCZWt2YwGFjatkfqnd",
"FVjJK2jvmTZKGAiaWdmwPYsoiMH5vLyhQt1scVQh66Hj",
"2g9ADRrtVWWFv8wzo9XfcRKVfGYbyABzQb8AW1Tb2jDQ",
"BgknRes7Er42zpDW88ePmD9U7PLvMzZw8xKE9kWyqvYa",
"4fE5ayMCE8rjSZtykWy8HPr2SBqCMz8xf6QdZyic5JB8",
"NKqL4Drouh6dGsVrh6YsfRT9pGTsjYtrsxXTNsqoRfk",
"uchM2CwqQGiB8ZisaWxWvq7nYjsn6619dFNmXo7w3SQ",
"13yeLCbJSKKhHg7a1XWktXXkoquNBHG5mhLLZKa57hyV",
"D9d8Y5hhyiC9qjvenuDQWNX7mqRKpw2XB1VMYXsNYeFM",
"5sF7c5CtPVCfhG1scDosWQWKPdnHWY6noKEZvvS7XF6M",
"8uFuF6jj9shzJDZhERbWcj496YwFYQ6ncammxQykXJip",
"94TQyxWyCxRTx4NBNQnUjJCp8VwRPfKpHfsXBUFLpWnU",
"F9Hfk5TasaFuJbTMMjfAp5jqrAnov8oN6ngpHX7D8DWW",
"8vVwBDiLb5pzN7EWnU5UxQ21sFCJ1VUT6rUZqucStKYd",
"BXyqH4G6HXxGTUhfLrDha7p9FvaMzcsXwkKHgRSycGBK",
"Bs4ZkQQ4PR3BsaWfXU2vBtzBZuV73poVbB4FMxDdX79s",
"DqzwXUsy5p5MjWcHoV6dL4Zq4CSm1LN2AKKLrYNK8GFJ",
"3aQkv52WFm8y5qYdFMFhdcqNJu15Vk2tx9GStkmf8aWu",
"BUQ3S5aKYLQEa2RMy1UCN8o6Xss74cj1j8WMEfCFtMqW",
"2PWNenXrHcdU95Wx7y83i1aPCXiiAriaKRzeuiQjnRhJ",
"BgNNRg2hgNagMJyEtiyeu8WBeAH9jWyZvENtsmzdEKAV",
"FvqHtej7fVG81gQ2XGnebdmCzyGZ1TyMRVdo7YjBpXBF",
"3YVxmxsZhK9M9oTfnUyLWzN9t5W1exKXYecQqG5UYmFH",
"EpXdh2P5qeRLFktxTAAiZs2wJmyANG5SYnKAxk9Qr2FL",
"36yp3pz8yPcdDE9u8TToWhgYmgVQYyHZkKo9HSUoTLCJ",
"Ef59EBuWDuGNyfsuRRFP7j72M6gYCKa3j1gRNqPZqt8t",
"DB9UQmkxzeyg9Nu1GnkpnBXEcTdFFatZfQidNrj7adKy",
"Fc4aqFXHC2zjLJNfyUUHMVBKCcbJzdMhJ2nRh6VCR6SD",
"6Z4gyaEezZ6xBP6cmvbA8erMwbVgtoqQRxMJf46EPJzE",
"FVtUnk9C4jhrAHQ3dFSRXFTGNc2W4dssCRryck8ZMWnF",
"BRdP33Enz4SPEVfC6kByZKn9jrgyR1w9ZZaUVzuNukcf",
"Ck65Uq4tsYbWYYgTRPfUZh5k43qYs9SCUW1bkgcsmzVW",
"F6Sd6E6a6jXmDerpTLEZVuaiYrJ2Ta1NJ2vNp5tM6XLe",
"62CfgLckn8dCNfYANUsrJyvrDtJGbs4q68nJ7pMskYfp",
"DAfdnR4PZjs2B1cxkM7tFpM8VyFToT7Fn3XykMmKAxvY",
"HENgnt4WHVvDPZk2ysPhneZuw4GJi5EPw9vcDHqhhF4G",
"F2R2gZgVck2gyUkyAwDfnnHfcca1AXu25wYsmWa3AxJ8",
"6bZajqMzx4Rz95gZNsWtj8FiFzeZoJkVY795i6QxjwYr",
"HDjFtkgnAA91zqBXT8vZH8aCsy1D1fBsDeAbXTaTP9vq",
"AMAhDYKg32kgxGrB7vUxeVCydahmh2TJQ3zrd8zufcu",
"HR6afktsAMKJ6Fj96reMpm422khe1BtMJTx2LciwEgbY",
"2NMmNmt8RBVnbFwRHdo1fmzzo1cy7qAY6ZrWP1EpMJzT",
"C3N9mQFPP4rAmjRRJnAS4NJ8eiMczUQsAhvxXMQKMAVP",
"9jghsaE7iU8mxjphW9S8d9cFVY7LZq2fLYXW1wuWvDh1",
"BWWa2Jd9cJowB3D95Kw2Pivci6bvbXPp1SNp8xJTp3Hn",
"6diZdNK7Gv7nsaq6hxCzZr9GnFo9kFhC911tjHWrxgwV",
"6EyxVJzHV2nF1aHcB8SdmyHVjB8xDBASodCckBacgYNj",
"T5szdiWYGXGcuyV3hYwBeoNw8ErDYjnpWvRNmne2MEM",
"4XB6rwyJrYxbFBBSDdCzAdDdbQ1E7i7rq97TLSjGcWzG",
"6C37rZ9JhoMhp8cyNtBvtQw4MeCsirwEx57fKF8gJfMn",
"f7uow77XGpjo8icNSuJmY5qaS8QJTmeFFP6wvhPRYi7",
"9DeCeUWVvGs4bm3V8x8MQzb1Ef1qZzeNCWMzLC99ag25",
"6Ucy9EV88xt4FBxEsjsNwgA9LPV7ZEr5hW2AQLjVtfYo",
"7Mb7dAYGscLDXkchLpdsmrF9468bmQJNE7DVjWnV6mtd",
"4j9m9kXyhBfv52J32RgpKmPuGQA8YPSSHErRJ1Zo1kXs",
"5C6tuYoC8SfAqHCikNT8invNFfGAbrMQ9526x4DzXiZK",
"Bi5YE4bLFdfAAFFsCCcxSprRF3b4kwnc1Xhxai78LF2a",
"5aVo5vqzB2BVAcQx4ZJG4tRQTV2oFozaAouqUGC6Pc8p",
"Gx2veDFfgQG8eSdSbRenEtXDeLopqHveAzT7oiQkcsW5",
"GsbmrhCSENAPqBhTez4YeRrZYuy5mCbgaqWg8JuABuhS",
"FYvgPiRmqvwzTrZvfroiZgxjtA3u4VY7U1uQmrEf6Pwu",
"41fSA4xsxJKSH7nF4Sx1FvNgfG9SUTCpNm3uoxb19W3N",
"TzzfEFSfE7SykaeoSos1e5XCF3XkpWGYx2jkeoiVsLP",
"E4qeZNUeRTqErBT5upJYP1VhrWBzfhf7oSRrgnu6dEaz",
"CKEHnN9t87ty2RQwswVfgqo2WkCni5ZbCzpb496EZSxZ",
"9Pm7KBQStt23TSN7aJviWoXHEpNRZCUuXj6Rx2jSsFJk",
"9VzWJbcrkrT8fR3WLR3XjdyqwRo8EUzpcggToonUBLge",
"Biou8WAQmroVjNKqtREMVtvhFXgUXQicyg3WQaRmLqy8",
"BYVKvSWfWYoyTJYhQwmLA1NvVseXR4vJEQkDTjAjX4z4",
"FaE2U1myKSe5cxJF91EX212wfErwJRbZkkkAdHKQDBFg",
"2boLEgvcz6yqAf8Q3pFMaFSpXWDjJr14jG6XysxkuxJe",
"CE6cqAZwjXUw4Mgr2dfZSB1KL8zRc47YB7k377HuGgD7",
"Hi7pwFGqWQYstuZESpdyhoiyXsxw2GVTYDsxHXGV3TLg",
"ERoDt3x6b89WSPRtPeKpDMDd7XbgzLgN9B23ZWttXhKJ",
"GKKviV7q1S7PBygUvFNznzpPzyGsUnzrKgSBHRS8tUZ2",
"GjsGxbmPCUPe8NHag3ZWkkMsYb18UkxkbaJsQ4RYcmn4",
"BYbHEUtxaYLog7tKr7a8psgFanW1hndSGMNVJJ5XxBiJ",
"GmMcadY73uWvPTytKuyP4QcVsHSScZBjocZkExHSRrjz",
"2fF5EQxBwqFsZe48raVCyjfveeHP5eNRQnFWE5nF5Mef",
"531mmbLZgQAg6EGKKPi5qLMyu7BaLjST1dXCGkhHqDLT",
"GgYwMG3XvojK7ohGfB1d8gAkM8eCgv694s1NP4ECVaoH",
"jzsAqW1ueyVJAspWqPDYHGHbDNzc32W54kTBrnXYUMN",
"EsEQK2HMSRa5BKKjbbzPPWW1HEXfSm7mCkewu2nppb7z",
"5BwpJyQgjHnAa7Y6eoQ5n2eqvVf9TMThVdmmDnYYXW2d",
"8CgZkURcjdPhiiLacywQCVp8Mi8TPTsM5RSaLt6n7mGm",
"45Tm1M6cuUEGvxkuzG85PTbxZube7wUbB7VanQaVfwbW",
"3XgZkHXe55S8S9CoK69m1pQytGk96KgDqXFTvkw2zAiE",
"CntpeQhQTSeFohLPn1qMQaewfBrXZ7pS1dP21ZrtX5QM",
"EAcQyML6BYLbnyM3bheKWzBcuNGLAJiaD7z8cunfuW3v",
"75jdgAWqYGqpbjSD2Dsi7eKgZDFzEZ7c6ZY6RbZUpPwX",
"CpFrsaA55ZZbEnJXfcQySCHQjpEEm3WbWE6MW7sJPNmg",
"BAmdDnBjgsxwoxXGVmArWd8nrxR1zx5RgCGiTZFpqyrc",
"FpqjXo3PmeCMgpxfJ2hidbn5zmHhv4oTvPgH7R5zBpTj",
"8N7vni69MYbr6XELrmtmaZKom9hrpmJTzLZGh9PGg3XF",
"FtV4Y5sTgP5NsjQtXNruY9LbiecRE6WJrqNkcxHPjT2L",
"CoYsTvysSkfQfZbAtnmDCVsVnimvumSRPaHtDfY4Gfdd",
"2C4gcQbi6VoL3H9pNEsCLDui2SpQ9GjQsuwZzBNAiwU5",
"9CNrYANgU1EdXRhcNz7MYRRhMMe31JJo5BDsfvtVyLjn",
"gmiF6TYZL4Ca2m5ewFFjcNFFr3TVWusGXYvyAhuizbt",
"DH7WtwEZ4FXTrkRX61fyxu5GRtpRrh9tMXePpWtawFMT",
"12wnEZHQZL1T4z94pgoRAox1xmrw61GXZ3gUNKr8RWCA",
"AFM6ijtf9iupHyrrLenXniw33rW9EbJ2Hi5mVcvUp1Gb",
"854K9uVqtPC7nVdSwchXo7wdHbsthwHQczriTVu9uxYQ",
"Do2NZYp8f3m1Xwt8zTThUaqWDGGmWbm54q81RigwRg7g",
"J2qE8SRUb7Ndg3VHjZJUTiv8UYpKHaM34Zh8GH1jd9YH",
"Tq1aDRMFn8eeiQMSsbYwuN45d5L2VdX6tXFExcvPuhk",
"CMnocFLtdzGBYE48QBZnSaxAjWEvrvekuu6aY9xrH3v7",
"DjoicbGofffZoejUQYFbRVJjsbhL99ZzLUQ98mPuqFhX",
"6b2HqAf44nUJmzBMkaG4KjCK4w9rLxN1aimiPbnkdX6j",
"8EQ2MexWqhf9VZiPL6B6E2CpYFQpaNRqN9vNxao3wEGS",
"5ivfND3fgHfZY1fP1VGtWqpbfxNfe62FmdFj6HAdMBU7",
"4cPBJrkFhpvCFfckDMLVNkqyqL3CWv5f4bXmunMfDnqZ",
"J44Ts4d5kJ2u9QrjVRmwyig6VnpcbNUaXhVJMQagFjhy",
"9exBMRHbmXjruMXEUZ4C7xfYMxCHDDs8ATELbREFcCvv",
"8KoTW9WZTSczi2un3vvWxxLKWHVGZB6BkfK6iphXXPyV",
"6wzWFaA6gqGRAgTkZHerZw9sb9sKUsRwrzmrz1Nfugb6",
"B9cZrwN7MjsFNChgkzbU3EgWz4QPaU4EadV4f8j9tEz7",
"9HzSo4ZZZxnrkBDk9PrbS3XpNgA5ZTLNxj48jLvQTW5r",
"Eb7Po28V8x6tKZL9Rsu3kc55mW3XykzPXQrwfaSKP6a6",
"GdDZJ9cZ7K64ESTmZBALXtFQF16W549ZwcBSf2wTbb1E",
"8cED5zGijxCWohqAE7bWqErSTjQbD13BpRxpvJKjsGpL",
"63gygVtnhsan9DRyHNSjFgVwEZnVdqq9bocLGVD9XRXF",
"EUQA2XqCpGnBdDeSBXVWwRS1Jujo19xqYm6vFoDVQ4Ka",
"AdD7sZUDyXw7RqkBk4w2jR21Q4sQGrcePqDww2b3RufV",
"4ch1wre8DxZfkZwLJPpgwmTyqbEXzLJmaF68xhGSgxgy",
"2Yyfw6yVGgQNdsm6bkMff4auqCbYujCmvuqKBbTSumQG",
"EG69vehtkWhE219veh4U3DZiujHEC8oAn5LU6kMCSfo4",
"UUGCNPK8GcMbpseSFbvqMh8KWMcZPn4AT7qjTRY3D2G",
"9SJQJUcWUSBUikHCo3LVqXMdTnUTgLSfmdFP36u5a4kF",
"G46uAckLEkg5xoAkfqiN8JzViDNC9vpxkZsQLYtW4PGM",
"C9MDczp19kkaTtC94CH4AiykJY1WTs11oNa8HBMoAo9R",
"B66rZ4cncymZuwiYdq4ezW7isTxKHqvD4kZRB9BGE1cL",
"BM5uidYrWb44SGSivL6uSMWroznS67wHiTP7gPBpsarS",
"GKESCKXkg9UU5uN1VRTqnnEj9ruEFT5kvC8vjVQ15vkS",
"CzqFDrfLhyphP8THSn9C4UbuZoUcSZRTtTj43ayYT1as",
"4Eh58UynZhmYgqHH9XTMhbJtBiaDAbhtBLCfkdRdYZak",
"5pKC92SKvVWpRPfL7neMzyNyBBNRvaDy2btQc9JR7uUd",
"9Qj97jw53Akh5pa2u1seEcdGmNpGfpQS5F25ksYuYNnP",
"Dze6jyhPc1sJxfRcPke45jM4Vxuo6VT8gdnDSThdbbmr",
"2Tce5ZiVoghzcBFJndijtPGd2HhxVcCfRQEBGSCcCDo5",
"Cbvb1MBo9ANz7hHAemdJ16Af9hcQU6A6PS1c17AgWjWU",
"FmeHXDyUvF9aoBiK27bJNtkTMmSiJ5aU5Vu4cmuA75fS",
"GU6MEpnMQXBufUWw8ezkC5vGZEmcnv9xWKPdcckj3Cwd",
"G4eaNXhvYSapZS9nWn4HjZ4zGnu9BPhsh9N8tfQAuMfb",
"ArmCJeUFuJi2PurtPjbeiGUGKvxBP9HUE9QhP5YVoH1n",
"CBUtxPrVGYhvQixfp4UR4uU7ZUhVwxSzkA6i5xLm96QW",
"D2XoJWnBxFkV9Q6k73KTWbn8N3FA49BMjbMXJsCAtLG1",
"J158xUL9UdSXc7HQgZqVp9Erq1iYQEKY8voq1K1ZGz7W",
"FpoQNN54v8hzCy2qvY2U86ZYmwAQyWcBqDeJTDkAFZJL",
"9bML8p4vbo9LvVnT6ZDgfC2dYoiJyh3RKycnobE4KrEV",
"FcV4oj4MqGuNuVZXEAFZUQCQrZKRaFarrPhyfTag63nA",
"GnyeXXNpuWuBmJ62ryc8nRH7Jz9SDtVR1ui4W3u5CaEN",
"5FMyXSVSZ3j5o8NUnpE6JjrDHbDVuo4WxWEuF3guFykd",
"38goHM2t6RaUCFTM1f8P4V8CfTFKA7wqi2AohaUg9vKY",
"8ndiECKduUFysU5Q3BCa7BfjP4N8ebE8ZPjBPpf98MrK",
"775STanPM2jzbBTSYZnouagp8eUodEnwbUZjB44mXaAt",
"An4ioynvuBSC8RP1QMMLR7yMXBxNFtU1qy8yELe2H1qv",
"9KBcAG5Pg9EoARzt9s4owN3hP3mD64yGCXMbk3CNwhFG",
"34oPiEm6pvsU1QixN25xiFqmfHpdBt9Du3YHAwQBeLgw",
"6RksPJRLnYnWkAVFDust9uqqX8tpxKUwGKh1qbV3S43z",
"B9FYqjQaj2FLtL3N4xZex33HcKCT1wCX12mvL9t5rwoY",
"FtV4Y5sTgP5NsjQtXNruY9LbiecRE6WJrqNkcxHPjT2L",
"AMKYCTaA3gNY1DwEdyD66i3ms7XtxM78kUAMog2397wX",
"4KA7JcW46RMyNT8UrXgUeh6BWMK7CCmq1ZGyiKssqn4P",
"EWprQCKiQYh8a7G8syt4Nwcwd7ukLWnkH8PuDiiuNck",
"GMCv1n3mwbKuZXuENT7MGbDazChYj4wgNHZZNQDudBV2",
"743jvS8tbneD5rwzqxEDTs9ZLHzYyMjpMJz4vF3SsTky",
"6nbxf9RbX341WgqduBjqXR3cD7WkSsz1Vj7Jcm5Ugujf",
"3ryDpyGGcax8YYfkSYHVdt4CffAMUNaauco4b8a5rx5A",
"HWYJHAu3iR5r6fABtzt8DDg6zi8j5pLFTcHJFdUTRAca",
"52gQaNueWrfFoK24HnHo86Q8KEerLEKq3ZbrKsM7i8Si",
"86eU2ncWMEj97SXAtdE9feruqQm3SoSJsrH4p6Xkbgi6",
"4fZ3BQDe7pafKXm4w25nYBcG16QAvSNpBRkcdRChYUg5",
"8FPccAACXKmzLWCEr3bj9X2i8BdKexKq5cegVEJi4zK5",
"5bhb2e2t1az8nVJDrEMzyCnAceVerHfd9zswo388MJz2",
"2DobFUNkQKCgCViWB4Dg1ac9yGbrKw6YUWomkqAL3HkG",
"4J1yGGMhTnnA1NzmbfuKCMDQDAyMBtLsS7RnSJiuHLNq",
"52EX3d55h4v6uQFPwnW1xrZZVVGHmnnx2xpjkJiyVLpU",
"8pYqgXJf7A92ZV3no12DGeYxCN9uWrHSD63csgcWF8cx",
"GG35yFiRL6kokX9UuC4ag7ciXvmVYvb2CeJXxQUppH6M",
"DimQeFZuGJBGDtF3hkXDd8DTACghjirurruA2kUmVeRH",
"HZHYT2raGYNjovTBatmNJAqWuSC1wdSoxTTnpzwofwQz",
"BtEtHu443CxfrMFnMqrRFPx8aCPPrhgALucSsf1QUVew",
"9iLEwGGbzwMh6bQU5W7SdGyarV2UrPRN1EwKJiSxgG3U",
"13iDdVM492xwZLsYppANuDXgZg48VrYq6checoH8sBqw",
"2MkhLL1CwTBkQGuxudNSWvR1TGmeGHoqRSEoAndcdJqi",
"CE6ZdeaaBsjSLhJAtPJ4Ygz9ikBX7M49qXbGHkxT1FBw",
"5hgTenD69gVscfPiTy5pFbdjxJ7ACMXDAcvuqSJ34Ji6",
"BQBwgvq7Bsx1cb2M9Z9XjfLrUtYLXxMh5wWnSxamYnka",
"ENjBoCTtuXKHEDKQQUrrTi2PZXTuQCZ4JYcfdtfTwums",
"Ct8C6o6zKCkCitmqcL9hc6sXtKEpcRepcv76HeedpeA2",
"4URuA3yCNd7Gv4Pe3kTRCVWQWc3G1DuCJ4Y46tBP72pJ",
"bVWXEM1MEz4yLQNj8yhSeswXNorL1K9jRkGziT3N8im",
"HQgKHs1Ewpbmq2LzRpsECoC5SYvRdeiUijsN1Up6uoNm",
"CZqkLJ6DUXN4znUTMBQCqN8DXj9y6yC6AvT6fN6PL9VJ",
"BpvKUjUGWhNDxbNm6PW6uuv8WLFYbDCebPY1z3u1m2FL",
"GjMcEY5VM1SSJ5auRv4oBXakAN41wXr49wK7gwkyS5mS",
"BjFifD2cVdB7FeLgUtd5F4F273k1D9rWkSbVeztbsh23",
"Gv7ucdGph8bYi4QC274LP3px13i7eBf1hWfpHuRhEy4p",
"Aj8nY3NTgZ7Wqdn8eRVc6AzpvmKqd12TEgVzKg4rHBwa",
"SQwW6hzazTV9EJrtgFRHJARdAGqE1K9JECyZ75rxBqH",
"7DfrKYAGdpPzRiR2zoEQGrKZbUj3AgVYrhBAPgcsidfV",
"4NB5sBtFhhzzxSokAgXyzUqxjFFQHiBXene75FbYn2eN",
"AJVdjxa18Qh7u5vH8aAQG1wvjnGdRRWuL8vMpENMvL5a",
"21JnM9ZcJZ5DiwW8M5zonFwSAfvhCzq6Ud7cor4Emc4S",
"HD6JQCuHZTo2GA789wWbiUVKsj4YzUABqBkX1iQGE3rS",
"FUS4zVnQ7V1SQ5GME4n4Qkk5UQxDFjo7RUkeauWsdrBj",
"5Pnfthc5c8LLyinxsjs7eUCenhXYiPUHC5wURXHqHEiA",
"BFcjaobhjBn23ocWqf6WczM9AESu6f3KN3t53rMfcmn",
"91DA1cDAR1PSpqcE7bvT5DUgRA9fKvHyj3P9NUQLXusP",
"4H8gSjRhCuSgQvZB3Dvxv1R36MK9P9CXdGSEb8ND15kR",
"DajD9HGQJpVBM3GGM6dR9pbNmds7wCCBDxz3xKNqEzkG",
"6WijZrxLtP6sdcjowEF6rWjUaxa62siiL7qrzKE8mhpX",
"G5tNnQefDThveBe41ke9BvviABofX1myGHabY7X3WVpE",
"5o9ATFChqMBfdpUm9dF2L1DKKfyMRD2SqteTLiQmSKGR",
"CfZLcDKPNE2XNBJA8qNAKKojGQRRm3L9Aix3jg89ZkXp",
"C4RvCNvgAQZvchC1tw17D3iaUCSvDpVeeXYdT9SHvVVN",
"YtqBrdHetQ8wfzVsr55JH1yWjJ2ab5rThkcKcp58bfY",
"42pnEfSt8cdhLaam6bttbpX12247KYNHH9crEzLX1v5c",
"5KU2Eihqx1bK6kSypZ2T6cqLMFHFH6cVbAoFraGtnudZ",
"3c1oh5EbxQo8mxKd6EaNnThoTiUKBwJgwshxtR6EzGja",
"9wFienHHLVWnT6jBTQHhWv4CTFTLbvXFNYqor58sGfwL",
"CJQx1tH1MJehwCLmrsXCrKfAoKiyQ7aFue2eZMafUd1m",
"CnUhbSsz36n73M3AtpvgqAeMME53VoDKYc8ifworz99g",
"HeL6YjsvQbJdRPJhi4oPnWVz57YD3vvCsoa2VNk4Prwf",
"5HzL6NjhBGwHhJF16FjdPBsPWjJ95aWcBfMW7BDXXcgS",
"8ZBycqVMoQYPoKbzqSjFH1fvCGH6KRDVg9cRTVRrbJmG",
"BstUuKFi9qrNod5Xi5vHGz4NsN5DXTWi1qGkPJijcGXi",
"Dj4dRKk3V3s6Lv7VXrKaU1sJjZpvpiEMkdGVcU27Prwo",
"EeHGvLsjfAxguNbpaoeP7qcvrsJHnD4bnTFQyGfP14WC",
"GzcZZebuZ7xQXY4zpc5YuDzLECujB9s4opcvFfmj8NRc",
"2i1NfdaaYHGTfn5CzLfmcokvUwYMVCF3kAiCvMyLcUsJ",
"3nAcTdHqFcMEmyF3DkV7qDbnZRYqDwB6mSHUBVUnkYVQ",
"DzR7tVhSsqmP6eChb3NweF4tRunn3iJDtjhNJCEXjdoh",
"HBhR1V9JaPVHGkpxJYLEYvXwrrKqtcR3tDrL7HDNU4MR",
"DMkohWciTzRWLzWXFjYgxUVDP7GA5bsECU8Ypy763KPE",
"3AdBVYVgQoChK7mHKrVMHeBwsgDm39oCn3kDfJfZQCmU",
"222dTz4GQXJgCFjUF8QW5oV9zuQkXBVNvZCeyx6vopLT",
"9TxvWkkoDxr5e7Y5D1zPi53gA7Dw5ubCmyngsm3uXSbw",
"BYV74H7hAvxURC6L5EdPCdYTqS16haGDXmi1tuwNRd9k",
"BWNLi7PamcLZLxaNfc7qcGKBcY9seT4zptJPeFspxxbT",
"9smxtPoBMZhjt2De6TTV532L7MzzQJxTPDoftLL8Erzk",
"3a2JvbtpSdQzpki7bqvD4UdaTPsS3asov6EtNYzHJdLG",
"F4EVJ9dAH8jKVVtpJa7jReutmgVm5tnbU6z8cRhXAryF",
"8Dvbcdwxwnp394bh1YHT6XyfryuVwJYSWs752DXExfMp",
"49rUMrpzHYeo8WyMJnhVXHS8ZiMvWrf2ncXep1CpoTiW",
"713v3K3eaF8zV5TCEAShtGB4LJZEQGfWsHPjbk89bgfZ",
"9kRof9H61EHzrnQecejWrc1nBk53oNxoXMKVohPrHcsY",
"12JyH6nA7QZUFJFFJ8anh3Jkko9NYrJPYeHrXKqRVfeV",
"6pzy6GTmYfMhgZWWyovi3UXJmGg56iK7waRYixJhFXxU",
"EZf68xW68TPgJparXCudiapz6Jcfqj6uihNQY1kiX5Ee",
"DSoAxtRCeypcA8BzS2b5mZR6V8KbcGHGw5qgfFEtYAKq",
"CaDG7E734cf88uvf817Mvzgc7EYUw6xfwPsC8KzTKdfP",
"FLnLQTCCjvQ8Mpm4YaG1ZJjKt8u62Jx3JHppAWPf8BeF",
"EYwArYyaDSgCJ8xmqVW8tVr2rYaN7F54PMhA9mJjgruU",
"DVnt5QyRrrMwHywo6nE3UfYgkTn7wYQJHr9gZBtR1RaS",
"33Vz5LsTDB52LnjuRKtMBMQQuEL9LoErkhHQsef64RjV",
"5uA9s5XfFbkgHUtw6LakMZQLv8DHLLHCzQux56Fn9yBK",
"EKP3dwZYETiEUGpSW6bXLguUykemSNdKGtpgK7kXYmtt",
"FtYqC2gfNe5bqS4qAgroVZV3c9ycMDUD7vBpZek9Drvw",
"f1bxgbr2QbmPJuxPyZKbaPGQMjvvzFtv9DHao2NzvLh",
"HA312E8gA5oGdnZ7PEfZTFfxh9JgD9PmdTATjMsqRRAN",
"7KNQfQkA5d9iLb6MnE7JRPTLmZspXWFQXvkqfR5Non3m",
"2ALWAoJDYFJEDzabUESAbEyBBh2z9uJBae3TAXvLmmPe",
"CB6U3p2qYUXT2WDzEj8tuKrSPUf5wYQCdPQBtkvZred6",
"C4LNVXKrmcHaEDKA8EKcKJVni6wE2hBHDNsvkdy81XYj",
"A1HinkLUKMxqAbwZd6smkjmvA6b3pr4eVDN7e7JQ52cF",
"5ZZoa7M8XEEqfXeXowDhMJcPwxscjMuCFTyZw8m4PeJN",
"8Uebso6jQ2SWWJKBU6MXZWfFP1hMRcgo5m2X4LVQeUJ3",
"4NNYrkRTdjnaQXmpg3abEWySLtLrb7ee2veSUmf7rh6S",
"9U28y6S5ZSSVjP5F7K9fL6VKyuFU8stz8RtaA9miyhxQ",
"9YEbX8CauFx7N2knvPZFvbS3dqwLe9vtu32294tVr4Dv",
"3YqJRafbAMfCmSB2NnUDUtUzB2CYy2bEPLt7h88nMSRZ",
"FCN3eVbLbNXMP5JyUKrSopUCjws4Wx2MCEDfzh6yox8i",
"GLE9wbYATgntkBJvgCApKhAfpe2FhE1zRfxgzZhPooDP",
"9H4421ZshQkvTQ86QKbPGA2SfNPq2zuugb2dt5a5YvQT",
"7kH55w9qZ7LsauGjaan7h44Y3ZPFGZTAQuFUCvYief23",
"656mdnfY85QRKecX9Ye9NwsrWMeQvzoUWxRPub6WgqzG",
"4eTx56qw8UnkhR99TDDnzf9r8BRyQHPAbkHSJ6DddxUs",
"BQD69AFxkk25ALu3ZM4L26x692XdE3iQoFZrFAiAyoDv",
"FuyrftZ9ZrKMLgTB54TfD9rSFvgxCXkRTfJowLMhwu4c",
"BUvvCVBPHSorx1T8ivdBff5w2vGxLwpUCdWpTSXas58K",
"Gu7FAP2tFsrEsUNV2F39eYJ9f2W2P1GdVET66q8vBivm",
"FePjZgBbmoGYsjVJ4LjbHXyCMjeA4ygum4cYcPw1xako",
"DKXctLuNrDXJHXzBJXAnFUsNzAxdeEezf6N66C53qDj5",
"239csJXzh2528QCgMcSkkLVjVJkh8aLvicGnSx3TDk1p",
"21eMaaLbH4ibxpywF5FZfVkSQzSBptegpzvx3uey42FG",
"8F8Nf6bxFNBDHpBB5gp4e1nyu62DRe5fAewUwvjXNE17",
"5E8Uyn2RRVxJDL8MirqCyo4KbfxbsKoQgjZ5awGV5KKe",
"5qBmbXHMuL2ouxpxpSGPQDUNLHDW1qnyo7zpYHe4XE17",
"mmkbUMRGDHqBtV3fEwqA64JYDBSfjKsTNBQoUzqAVfj",
"6MJr2wTkWmei6g692fb7bfysWc9Vy3osSvvauCwP4jD7",
"7zLZkQ8mkJ8ccNH25mTexZxPbU1kFBr2ZVGHcKjDwEBf",
"GUVgKuMFVy8edMPURCxTaTsdkt742gURD7GKGrcvw6jC",
"2zP77BeiFsA1ALSCizjbBtUYFtDsxHeWhnnzuTi9qDoQ",
"GMbS6jZaudamhVKuaiU6oMTX1Fc63b4L6pX2aB5Xwqia",
"3Yi8i8WgJGQpMJjuh3DAZGbYZ5Pj1PrNh5FiSGkK9TXF",
"sUQRxb27JCMz7ERMuwEi9kQKM3BFQp6YFFvmWqJKfNZ",
"9KgR52wnL6oPkf5pdK6yUYMtxwZBHFpxbSHtHA6yKJfu",
"AKw2sm9jwMoENZWqkzN6DucmFkmg6wiy6BuAGeaUH5iC",
"8kQrC46QvB9mqf9MJvyshpkUQwjpWA6MP6CP1KMD8noa",
"DHupcZ42Yyg8KGPUDFMuTcphAwUNDUuhs16H5NCD3UDV",
"EKMvKqSaxMMcxkw6ednmEAJuc3gfQjwSJocFuA3u5xH8",
"4vGa3ha3k8KjeCU2JtGsUW3VMgRdwuxuviPMD43zUFu3",
"GAuCKGE8s2P2wGsBNoYsr6LA4151EZYtfn2aEhWdsdoT",
"ALemMnirKRyqgRVQYF2mTLrkoJKCuguBgm68m9gP28Ve",
"FFLS9bFwmvCMEDHe4VwC8sEn3oRHm9zHpDvRmci6iZp9",
"8dGNMLjqonGmT8DvYHfuVNsvEkijsxqkZ6vB2VT27fYd",
"5EaevkPgoRr5cAmLnB5pKDtx3baZR8ErMcJru7yvLVUf",
"HG4kaeCtsz224a15p7iAxorRjMwEH6SVjPMmdXCSoyYQ",
"6wEnARsHkqdG3r8oM9uCepGtSfPMwaQXJ53GGqkDqEwN",
"DW3zAmE8Xy614fHZMEBHuJGnkkGFJpuSsQtDtFMxLzcK",
"FWD73dyTvAfmUtY6LcP8Qwzey3qVnGxMg2Lcb1R2K9Y3",
"AKp3Gu46MbHAYLCmS7TeqzKiiVAJ9gEioiQPRSGTQeYh",
"5sYoKEqZupJj7rJnRs2p8UqU5wdLLfqfYuYtrMCTsP3v",
"3TEgf3PJ5YX7mAo5k4jMx1RbZUR7ypagbizEiMzZ52dz",
"GW6VxGhBKSqGngQXbCqWyujqTfhyzPJqpTkPUqXEyBed",
"FAKUSAVfZp8tEd1TqH8rHHDsUDdLqVpsSABz8hKyQPxe",
"7NkJfWcffNPstVrraVsnkfNHevp5RBdetqPzvwCq8k1X",
"6XPFaTd5pvk6Z8U3M7EMT28uZiG6VdtSK4aG83YAqrqB",
"3fnVNTqCVFpHGWsJ2zsdHG9N3rTQK89Q2jXq4WQ5LGJV",
"8iKT7PTUcpbueL6UaJuuKc8UhXtuKh7AABruUpsLRMvy",
"5cB8XVmpge7sT7eU4HkdwFW58BHCPbfFhEnsWhKTASCb",
"65x2Yb3GVcHKUJ9oQBEnBiSVJ2Z3CJ5HxSUb7YHDNgXL",
"GFk1CcwnGo7g6HPPp7rx7Md3DWj6aPvzd5wZuAcsqaAt",
"4NffUACqZiVdw5xuLV8AyGS4VQvwENXN4gjf2xFDgmES",
"F67Yt95GdhAjZPBnwrYykmTUXwR2fzA9S6cJX3bopuNy",
"BStvSLZd2f9vmzL99CVdQqNDRG8ge3npHK6Spjpa5Qgd",
"F1pBRrjtMH9m5kzmr3AFzfu7BHMUNd4PW3c544dknVu7",
"7W9QyY17DxwQmwaDYWDh717TUoyNCtjj5hUQcK8JXibF",
"652WrvyFJQCJqjTTMn6P5RScAmeR8jHENHsJMkcg3tCW",
"FyKGtTycMH4RtRyaF3APiaD5cPwW23scUhs3uy2DMTqj",
"6TgjwYsuBKYbJGRJvVg3RoqkqV56o7Nk4TATWsWukDFY",
"fnyA9WnwVnaisKZxyjbfXw2rmociJxS55XabmCvDX9j",
"SvG91fPYjJfzMhU3wh1WjTFvg1fgBrSYh42Ln81RJj9",
"B56igUc8u8xxS8vj8tpv2q3dXsXwNq6KHRHtDCgcEm87",
"3z1Fow3qjUrofQrj2SFdVVrSBYMLVUWGYkdNGpPoeu1R",
"3uyUbqbBmKCY4Mb82iDw7xLFMcBGPpT2QXUggwcKSQxS",
"7V3sB9hZjL1ghGFSMa8RRiWgaHFHkjbK6gQ2do3fqF5t",
"EyfTsSkTM83UU2hpsYwm659E7eGNx1GEVSkzqRNYiMGf",
"ATDm1jUQK7oW6Hnt44DaDYmFsqjrF8JcUZZybMGnHNAZ",
"F1Q7Awq2qBUVgSsDzKbwsTe3KjNE5BFaVoJvbteUCngd",
"DtWCzVFdDXtwtSobCyLDByUKsjGod13BZeW4qrm1B7WK",
"69EomLCKiQ4CgikUnqx5AiV18532Cq4eTeM9JjYjfank",
"A9yNGKA7vmUpdfTGo6tKgRLG3W8TievY3puwScJHmQtJ",
"757HDpYtrjR3e8ZC3TRiXekGQqAL74eyYjx9Ais78AhG",
"FK3Y86sAwUYH3JcnT8HFUFsUG2VKNMYxbGrYsp6ii6g9",
"81KCbc2JJup8PFBMFHdYUsmThzvq3b38hss1Xa6djCRh",
"ABDqYYYzGZpSyhL469pgHnNj6oxxf1S87VyriHPbp352",
"455PQoddrZkfwa4eSjZkJunCo5a63tpvKsBUR9moJpdv",
"4vh14gUxjHnNzAffQZTqhj1jQSmge6pBv9wJY8rkmgDX",
"3hbbQmsWo1BPiY6KpyXKvnrgQ1Z3FwdZuvdyxtVnREwn",
"7kdcsChzKPyMLMiRuFq1nrQ14vCuUrWTPncEWFM8Nk8e",
"Ar8g4E7hWVXqXm7jjugmiTtuzAemMQ6jXyUAoEXbRnPd",
"EB6XehDyuZeAtRC7UdSSB8YP7xYwVnRNFJE6DCuhiMDy",
"AgRNDFtqoDUJd9G2SejVWx7vnMs2L3QvWs4njSk7orZz",
"ATsfKpNNBK8nNAC52otxBGedSbyEMAkVqoQNiXykYxej",
"CfF7KUx48JhH8EzKb4UFeDwAkdVpFh3zKS8SZ9jZd9V9",
"4Rt6NYfuCHz2ZVznVmggHtpe8iirqKxRSwz2CvKf7Xr4",
"69CY3odmsKtNFg5PUFm9HHBQYuQE2hXutqUAbfjFrJKV",
"A9ZrNsRS88HiQyaA5LAhbeD2mqPwpcGkTHnQaVcFrtSc",
"9BskfVXtq4tLhMSPv3p4EWexP5DzgURyzcSJaVWWpTfZ",
"6siALKpnhXXbv3KLCotGtHrKCzcNqtNmrNsASsMS3Mxo",
"2TzN9H5eyEcBkkci4JD8r5aocECBSE66gG2grC4z3g4w",
"9N533xSiJj7k9d2AyZP1s3temKGuKAPFEGK1BvctPQfE",
"BMEREcpiMEMuKNt3SVMZ6gtwfbkJzf26PHkSZqvF5AHP",
"ARubmvqBidhuVoFjn8ncnkq3t5gRDH6guRgXE4aRbM28",
"AYF5QoFw5sXN9Pvgur1Qw7dQP8ehH6k7fkMzPQsJSjJG",
"G3wT1JxMYpfU44b3z8VoM1iqtECA9S3DanFdaWZwyRn8",
"EufJusisDD5CjH3n8rqsxxzwaGrfVR6Q5XPaZJXujY87",
"FTzsvWRvpB9gGCegTo1k7p64HAGH2aSSGjm5keBVZ5M",
"8CVrmriEjnvYPLPYtXLRtdDiSnnqXtoXtMJKy9hzZ6U7",
"9iVhud9aBAZCFskoLbtjgpjDUYX2vwxBM2ns4bZbhSEg",
"9nbvTQ1u8KPdGh665XzX54AE6aweoZfByrg8cm8Ew4ua",
"7V9D4rjqdeScDnag44yxDqbSGFBoY8bQ4LQxw4F7HYck",
"9B6hNQGRim4xP92fzyDhQqTSt5Cc4xBXfVA4YPTYyKLD",
"BKcUmkPPwvk5FasUTLkGSgbN8PiBtJf47BR5vFyf5Unt",
"9uNYhpTvtngAm1Fg96vZTaK3etJvufPJBmi5tn7ZLSSt",
"6qHmSSEhwNiwZ1PyoaHcoyrkjEbA67wRMuLQMiHpK7xo",
"EvRmZrJTeBLvSMUaXK7Msf6fwYUShn5b27NUikmvVqpN",
"5MdKAiMUQTEWBtraK9CmKJg372JssSe3t4ojUTcSBtWa",
"HZyMX28UYcUYPHG793WVeJAfU9WMrT38ttgmTiGHFPgi",
"4aYxZFnhRAFDc4UakzXNSzRLgaPxoNcaZeHwEV4vBBB8",
"knw9iiupSeJSfHtN1HhiE2Jgo7gGLjwz16UTe9oJdQp",
"At27HDvPqzHSgJRAZh3FGn39fAakqbNPzb1idfHLRhpi",
"6tKtjhkigME1u7xaHc6ozGV4Na6dGKgyvkoLmJueGS5z",
"7RbaQENcxNj5y4sukjkhpG3Nore7usz89kWKPNLVEkCc",
"2GHUv2hadQptoqvau73vPNvfbjTr9rfjVxdL858eJcSA",
"J4ACyLqydQMhLptmsGB9Z27WmnfvjVasYDzEEmR8KaSS",
"FpfHsUhN8MWzS91enDnUpnkDUDPPwGrKuvUKK1egFwZf",
"F4R3RfznryiN4qe2FciW4mTSkZ1PiwtYXUPwWTwPCeTf",
"96FQMmGftU4rUDhCLzi5Ff3XV4fDEms5zicUUBfanHYW",
"HHTz5geVwLaEJ2GcKWLsyd55p4j2HNZhXtvDn6RSALdc",
"FS2HWZexfPRHr5WiZJyfpKsH3X2Jhs8qE2TYYg4Xufv3",
"GtPUZYvtA7Y5abWZNCm4Q46xEHr5t5NJikMCUTAnYMsj",
"ohYrGUmvVU4cRD1K93JAeteCwttyQhzBpEqT3ukn1Es",
"63KFv54B7Yu9LTpusKP327VdHeJd3AMWrnaWtmCQLDbM",
"H3QfESBDADho7hssQNvdai5RX2tLNxzQfypKA9nVaUFs",
"DUB84Jzq3zAq5iWYjwWoAG41jBg7baHFqFBnrUHiyHDR",
"9VKPZUd6gyTcssFkavkb8yng4nrXyEx6GnR72eoE3PkP",
"Az458tfHaqy85TVGX6mgTwcfWmgjCBMfreQSCDvRPDf",
"Fxbs1YyqXaqYdQWA1zWq53Pcq8RJSBix4ESGbUufExxK",
"2hB5YWy6eH9HkE7jbYMWCRsqZbcV5FtcPaSfLTFnifJx",
"RguaNQnAtJnxe3zo8SjFnfRQ8CB974YGEi3GjmUrnV9",
"FDDMUM4tqGyvQmXPPYDNPRSxPuABh7RcS5fxkL9TQNbV",
"HxRHV4imiPWz98LfhpbsS5D2x2M8BweuM3Bi7ct85aj1",
"BW7eQwvodsVekS5LczxcmoVzpY8ZVJFbSZFMWY1S4J9y",
"5NK3ExUvG7nvQsxC11dY97UNvZv9VQsHoRGjo3nJ79H9",
"E4RM6D2o4uEQm33H9wNyuM1cukLzoJky1sQ3uJZPjcvT",
"973CSTZXstM5TJWrnV43r9KUffPiTRxFVnmvjzqifM3E",
"E9KYdjqrtRJjSMxWcmJv1ji8Md8Bh1Av7smB9LN7nGet",
"EYfrMYGvSVqRYJEJ9Kd2NNAX3Lb4RfLmKdNqkj2y7SaT",
"DomzRz2WzWkfZAUuWMu6wVPYybFZWD1T5wP1LMCYWssp",
"AhjiPgtr7QcsDdJCkoorCmqhapJ9jP7WhZZQL2rZzNfe",
"A45LdvLHirnFgGuYb3nfZyDYyJTWHXaJffK8btqdsJas",
"255o1wDCQj8hXShSNjsCcxZ9mrwN7KcxVdYioiWZf9zJ",
"ALK47Mzhn51gm8oF8SkqkNFmjzeLzcPvdzUFqAXfUpRs",
"71dzD7tXnuUFkHi8jhguSu4b85rGEwe3DFz8UZpsyAk8",
"ETVvCyvWbw12e5m1momqFVFSefsNdRn7bd4tPDQnZ6Sc",
"Bydf6gjcs2zNVsUdHNahaf4YncWk9gkgit2MzH22cbM8",
"F4RxGeKGDB2icP5EDfuEXJbQmVxR775dyHNVxvLvHMAC",
"DY9oWbXXr8xsgNk4GzWNPvmQR1vFXMLseJsqfJLSkpHT",
"GREfgU5GGRCJiBDnvsVnjDcyhzjSqBhFSpdSs4CdHB9V",
"G9m2HPfFSkWc1kwX7qAhnZd7aJzvmRSrhi7svTowooVp",
"GmVFgPS21y24CzYS2b8uvPcRCF3B352Yg8YZFD8zE3A",
"DYAKQ3idU9CCpgesNW5J7YSTAsLiPxNPEUxsyrXDwdyy",
"DkC41LgMdhHmskJ9cmjbY7vv5th9vz5k4inNyp2G2CGg",
"4eJPdgoGmV6yBeAf3dxnamkQC5TKQh9GeiWpm3Bb81oX",
"61LbbUAfyVwKjtxxkWdct1J1JZJuGYm3BsXA2CHyqCZ",
"4tHJ2kMaUAeN31HZscDVACA6xYVNPxJwm5GuKGxLwfLS",
"4iPsUb9Prx1eADJeRsT198SnQeT1n26BC1JEk4hdVY56",
"AaGwe4667e59TtyYJnNAMc7NbW36VmCFpkx8h6zJhBPK",
"Dsc1RDWBVuswqDU9DfG36zzrGJesrfGqTNGVYdYRyxj3",
"JDMFd421QZxn8Qf6tbhyMP8Efi2kb6TGcDdAVtxiEtes",
"FG7F2zB9yMVSmCE2iVfoLXvqECyRrN3uDeYZ1zbMGxtS",
"3wr92U85RtMV4knVAe59jQmcRKDAUCqVmyZjpRxbyay4",
"5XfXniDz7t4jCEPH8A9ySCUKPJ4vNAdGbiRFbRGvkpxE",
"7nd7DMhTrqbDbjJ3stK2iuSbZKxxWHthUrcxd5d2PoaF",
"7d9r2k7dvbBbYyAfJfTvkCjRVtu1qZRKFsr3Ekqp5jzE",
"93jQZppPug9XPPMrVvzwwpzNgdD63nobR518zK4YJYZe",
"3VnHdf7YgirR7v3HpF94FNK5MsJH8FFSdP4zSBr5wH7i",
"G9oCZUxBR3jL9m8GQgDNbgRtKJreXJwk8Fea1LxEoKDH",
"torcBYdF73FCM2vWJLdNfDB82QJ8icESXq6NF4sRJB7",
"EtiUCQQg1cjCT2iji2n4jnxfgrNskKuiRVAwgQJ7MqmF",
"5LKzCj5hGgHTEh1kU4CtZUxHBwYcziLi1PTYuipjPN3S",
"21utUw6JySmdFrBdk7aBfRUjnXb4tNSyLJjysHkT4kcJ",
"6ew6rkkAtkJzjCRScpFek3kt5JnKGrrZ3qfodZFU5JLa",
"V51XyCRdjPxScLjvAueZvjqGECkJqkps9Y5yKwsxuEB",
"6sY1PG6gJcTMvZNa2EB5w36mXdUqJu1SCBCMxRj3ja7H",
"9HAhrAkPr2WbMDCakUNKcjmnWskjonnSCBA3HVTA8WbL",
"H9PG7ohfHDHUpRW36TcbM8satiBgi3mk8cGjM1uZhzAz",
"7ysjhadjZJw5w2JEqv9XKZUXYmuFyPwX38MYNtCmX4WW",
"HMfRKVAoEuLdaYg1AGi1erx6HHSA4Go2M59QSSEA9di5",
"4fPwTxuZgxRid4bSjEz4mxSXUzLcvwu3GNvhBre31JHU",
"DaNdf8o444sVNgBFXCg3c7xrpMiBJvT3mAuJmxkYgCKR",
"9Hh7MesaPeVuwwgkCJt9La1ptVxxRzA5zrxbbyxNWB17",
"FmNjSuM5CchfBNqFKC91awbGsfireKvJsW6b6LZDnDEh",
"62y8ozSe9UXHgthi2tWKvnKd2YuxQ2xRM3qhc4jMkzE8",
"64fMQwFe5NCMUSWrGhp7WQtNsQqXfqWwEnf3WdcDnFuC",
"HmikByiGqAYkLzyWRAurBYvkGBxTp4aUEEhewyMG1bG7",
"8AzbeFbhhvoWkcrohDVeEN8dddDZzqoEdponpGrE2HTF",
"4HuGNKTe5ihBkssw6cgHaieQ5jw8cQMY83HfnukwFMxC",
"3j3birwDfjLbYznwznvaiX3E4ZoTBWAac4LYUFkz3KtF",
"JAMxrgeXFEtk1GPzv6yiMBLdTfzXE7bXsA77kFjzpePT",
"9Xy7Zz4RJv3XomNAXikNG6PpwJdAj6DxfJ6jCXuSMSuQ",
"G2pFM9oqtSpp2Y3ksoHT4LULPU9yC3375WnW9Wfcur2T",
"CSmiziAZNt3LMgetC4dRdT4uHES18pcTdc3EK3CL814o",
"2RkT94kzaX3tEP6hwojZwGfhz1jw5sKLuagD4Vo24LVy",
"6cvcbHYCoYJPCWHvjq9C7jN4867qbLTNGYHvDaRQupXY",
"EHceNFqX7YJQLDmXNLUzSpHg3nowYyQ5VMWZ7j4zNZ6M",
"2BaqKJStf3XST8pnwpPXHWzQb6xrzAUBGSfvTc3pFbS3",
"5tKWQ4DBUxoARd2miwcT4cN4DPSgMgQn3iLKd1uj9mCS",
"Gc9ve5L6EFcACWkZTWnnSDdgQHwfsvEZgMz2k1Zrm7fp",
"BxNDRmB64mBoyKQBu3s7APavssmHnRPAkRGbpTyy8BV4",
"8E4LtLPkKQ4YF1yrhRaFbqDQSabAnftnbqPEtFCNTXMW",
"7KKG2q2RyFkbaJgHvtHLHRMKUdDYiyVBC3mxU3aE5Zcs",
"3g7eKridGD22gxCzHKCWDiMihMxczcb4LPm8REc3nqk2",
"24h37K2naiz5eADXpEs6NpT6Rhjz1PDsuZMApTVtaBcE",
"DE4MRX2egUUfy6zLYTTQLFb4Z1bia44KVdqaJew87t5h",
"8hAKKCEZM93qtREeyVpUt3qtx8JkXCssnJGp2YgYcBae",
"6VecdsMx64J3gsQAq3woUiQm5d9ro5dWfw2Fn8wdDxKT",
"5MPymTqKfDqXwTrVNjufv7UgefDqXu8kcFhXqtuh7DEq",
"8E3Lz2oN69XVGaxPgRQ3ErnxadSAWN5FxKbQVA83wdwp",
"GttHKx9XFHDT67eAT6fS1L3WaZKtDd8nNALHyAvqq66q",
"CHtRky5RkGgA1UZ1UWapzGpnTrgimMr6hgVWDAqhK4XA",
"3e9qW92e5RxkdHjwkAb2URqqtiLVzdA4qmAzrtnkfbSt",
"FFCjbvbBbbXEGUiLCq12HEWVBh6M1uJC5vGE43VFaYJn",
"Cgn3AfDXSq7xtvDbDc3vKjwMmt7aBnWoufn7LS3MotvB",
"768KRWbQQbQ5SQo8DffSX72oL5Js2dwopG2p8ayz21id",
"GonVo9CYxypiDgp4hzp2Ae9aTYn4wYrnozAGsDbCsoVW",
"BQ3Ay7nmfFKE4ns1XtiVCLrRYB8R58MrxQ3ee6mARs44",
"m1wzfbdnjSbErx5BcDafm44Lvbuc8RWW4R71YwR36oQ",
"BgnRYyxutZ8i71DVxQXiyzc5jCCWGR9JitK8Zt4PTmrg",
"DCJBZvnP8yfqN5gxa4y9yGLgf1MQRixZASUYYjps7V88",
"3VLZdgN2c9FLpNdDYCCZ2rSsHEJy6FXc2xtHqwxfvb6u",
"2ddUhKu5cBoAdfqjNx4orSCZdNqcc1dQPRJmP1g6Geft",
"6fxWCC8LnujuGBmHExmLoX7FkXK3d8sWoftW2VtKKpE7",
"83EMVZYdLuTJ6vT6f3XXb8aUxBjNTFfyVXJz5zCQqSaR",
"97MyoY85AKQZ8dro5beL6YSLt7csA95McRVLTCVn7jcH",
"5eazxenJAA1uWYWAbtUaLWFwN3LcUuzRZe5Y9PiENhJv",
"4JWhU2GET595Vji6TVkASbhC7hiaz19RqgTxM6cPu4yk",
"7wxiJSf7PnoRDyWcK88zB4k6FTrLVtSAYAZJe7NALNPu",
"7JFqv1sMPouxXLqvNQyDeFefceBoBvNgP4WgqibqVtaE",
"6ibrEa7CBvRXHiE4fHhSPMAR3hNUTbjeEWUfeqjkzr4q",
"EQs631o8kD6FsMQREo61UJVCcy9Jbpahd5EVANDCq5zu",
"EuAMp2UkrRyDWvuK1m6SMTTMVTe8K1SdrVE1BAhf2jTD",
"8Z9mwf8CHTaY2srBPozj5cmivMmCE4eLdDnh3Ys1hUsC",
"9f6DxTjmNseoKJ1wc8mjnygDVbCsrSrRQgiMP9HDBAq2",
"6S41JgkMDijrq1fMuosCscWPmL6EPVq9LN4KD88gKLXP",
"DEbF1sfLN9SFesM5tZETiV9sG2g3bg6VkynpG7asgTuN",
"BN17QyuetLTDBCk1zBxcHubEg9WpXYxumV5zngwZAKyL",
"GpitgDMB4B69FvJxQDdZXbomSCHUBRmbChQiGCFXd6my",
"Eh84U3pN7a5WQBYZBqfefpRwYFmsNuGS3T9L1rtffSQk",
"Hxs5hMSb9KPCYfH82nQykTjcT9cRjDeyEUALmQuA1C3J",
"6tUwVsjUmbWweHhibET8UD4doWZo2Eev1E7ZgkeRQfSm",
"8TJH1s1iLrq9rVggYz8WdZMgfhxQJQQv9GAriNgbsp8d",
"BmDu6agJEXc9qxHp4kddysttRwPy2K4qbz1FznSpKmng",
"97nTE9o6wvFkmLdevenaUiD5uakruoVA9aQpzkmcThkH",
"DPaArjpVPxk1RwPYYg6nBAHp2YaeBDR8wBYjdBLmh3Lp",
"vxGEAsGs3RQ5DiupEEa4gkupvW3ANMXzLZ8dHwQxAag",
"6xYPDqB1RPxbmhzLnj1ZoYvqwLPENxz3GAh745oz5vsR",
"GXTSyaZ4VCJsfqf4GKqMx3W72LUMYwt67LTtiDbDHtrL",
"A1zny7rZ1tKELL2hMmhuNW2tv1ZZ4dTVx3ApGjEJFNyH",
"5h7dQ36Z6JhNFU2rNa2157baaB5maiySJszxui4ev1rL",
"RhYzp9NeHx8dHhvHmvn7Hk1nb9QD4sB4cgjxjBCZakw",
"DvG15yp2jH7T2WGkMzM6P8b1gZ2Y3qMpK34gBizPZZJS",
"Dujcnfom1ScNg4CkZPsqoUzMtvRCQaDf5UzpRM96sgMa",
"13u1YTrBBwUqggmuzGZw2DdPfCw1F5yXWnhDdjhRX8qi",
"2L1gHiPYLCedexWTpGoTf3ohyaRE2fCFnJNL6huaMpRe",
"5NUtKiBE1vbty6GFCCC7vXPWekNPhrT7HNvALBVYvWRM",
"6tm5o9GPADxQReV1kG735DfxiaKNuA2vHEgT577o8Sje",
"E6uE2qWjf9kxjuYziJ44SQNxA78tsgjQb9d6WrenQKS1",
"ELQg2W2oXC4b64g93A2CnyFx4WzfquUuZozT4bgpTd32",
"FiRLnMp5YnsLYbyC7qvqRYqn3gJJsGDCKM93gyjxuBMz",
"3AzBQ2eAAr2RVNpPfkW6ddsmb3dGYVaS5KAAGm64qR2c",
"3fwZzgpU9Yh9MEtwPvxtTFqmjC2BMTFQ3u3LCUNiu8yu",
"EcBYAgDgQx8wY4vcB1TYYjxuiZ6NsHzWU3gMDwuMttsu",
"2H3TurgorHemVN7t5N4iWZ7AvtBVBDEZRhdS1ejwvZdY",
"AzFdFRtQzVGwtZQLLZGRC18bpNez3fVpkW3kBqPATaaF",
"BU2TZstKsPn1KnfsKETHh6uCpxqsFa9CSdnWMzGjSm72",
"AFJYb6Vz1AbpbC2Tw51VCKofBUfxFgEhCGEcCwZEVzNm",
"GNGFChyf5bkqCbtL6RnFD46aG7oy5m1S46YKoLKxxKHS",
"86b3bLX6TFDJ7xRKCcUeHhF2qw8BNNLNUpBXys1TUDCv",
"GgqM5pnr5mKVvXrbtGYdfy1zvfaJdmvMGZM9YduReFvL",
"7oqjD9FqsjPuts4pGeBDj7WTFacTJyUL28PYtmTFGd6C",
"Awg32Tunpa79mEZT8ara5biivpAbqQREPpysjpoTjtWH",
"3W2r7kByQvPF4EniA3ikxD6Ftn9ijtH31HUQSKB3xRR5",
"2Q29PqJy1m2EAwNBK9Y2zx8HYS8uSzY8Cc23H1i2bfxw",
"BotipA7kVkzM9uVSHi6rRXYCQSLDcLsRiHja1KBc3D8H",
"DDUwyHZyrbJRbrdFbCD9H7LpV8q2tkW1fdnhnJMyD29u",
"45NyyeaMFZuZJtvvGVvGbAJi3K3jPXggMbX6axaxtYNE",
"HawpvtdY6Btciwz8rfx4dKNBfjJxSXUGCoKkLR3jnLCP",
"48BjB5FXR6ADBmAQC87HNuKBtKKmeqMFsYdBtpmmvMWr",
"HkWnZC8LZxB2xjDr84PmfJR78H1jQ2rxTJiEgBZHABk1",
"XAFTqLSbzdYNbbduRbFgCxUTxFPeT1y42oMusBE4qWc",
"A2ZJronMdFep4x3YFrRd8Xt1Ytgzo77zCXmBtSvwg4jW",
"6G8UDEMjjh5BuD8LTZc4xfrcH8gpkmqf7wk6oE8sNZyo",
"HYPxKZ6z9bymEut11MuD1MNWaCqDeiLDgv5zMTYJ3EWY",
"Hacimv6yFJQxAJtUhnbaypyB27NTTcNCpFnAgDLQsuvG",
"5mwTKnmuy9rFMb8ySkKEXQWUgYDUctBJcSEtFgmUwhh5",
"2MnWYrhKH2djFP5RDq4PNBMtagpL7DgWb1Mva722jTTZ",
"FXZhXfnfyAzCoxya3xvQWjfWipKGSv8QZAcDkCtqdLE4",
"EPhYDugPFVmdoiSXitSi6xkKk4fjYEYr3XG36iTg1Xmm",
"6g1m7BNFfPC1JBufquymtAJ2at35hZwEyd6DyKeMH97X",
"HTrzgnVMpbwDzzBGQWixvJoj8MRehUXGTmucGahNkhcR",
"FbxLhyQb5nDq2LsxwWSq6cFjuAe5agmaHEU2nBwcX3wZ",
"5ZQkP1mtfa6XQRDCzgzMYbYYtAGCHXcQWjpSVKLGa9W6",
"Frq3aM5d8xWYnwuEFNmVuPvEQ9YuQ2Se9jEezA483rTu",
"3VumYWwd6vYWWdpeXQ9Fra2nzKhdMskvGCWv7B3YYN7d",
"DhyAy6mRw838FpjaFWKLxkWKTwBhSUDqTtE14oZnfgti",
"8XkFwxDp8jToSWF7u9bsdBQYRG5fuGAY5Sd7tnynabRD",
"DHwZjGzq99N6vyAv5Se86Lc3RtTQmoC1X2vqBRgRHBf4",
"6H47L5Y3wotWCKdNsBLcXKZjLruXcUbMc3avGqYQMjM6",
"FjAni7dGUdBZKxeziYLenHmZCYCAML8x44aEYj8YSWRJ",
"7pPvt2CJ4MLcZ165eDpQmcS4PyYWdktGfrSr7qq3Gq4T",
"A9xtj8VpCU1SNebdxbjYodHH4MSJJNFWi5Czcntg86nY",
"B2QvT5i2YsT5V8spgG8s8XrYZFzxpdtUxcpo8sVsKDzN",
"92vqcgaVijXxKK9NodSveb7yHq2f51nAJWekQ5p3sEDa",
"FpFddQepJu8b1XRUUDGvZAUebtZ8hJEqCeGForJqJfVo",
"J1ejyVUUyuVds58D1LLH7GPUMJciZSfWkQ1y4jt5U3gn",
"DQgNycttXKz2tagdtAVsjDTv3e8ersXac4L5PvvfVTBU",
"B7zNAQLb1hLKd7TB16MMXUAXzLub3RpJXQPeJwah1fZQ",
"3Qn8ZTArUwhrtdtsenKBN89d3aMnZinBHsTNNcnuio1E",
"CaFdbnz1v2r6kaM7ZtstPb9otpJZzxgP5nrUoVh1hUgs",
"suiLuVyg7UENhKqrwwckyPcw1nT46K2RQ96DEDUcvA3",
"9NYdSPhmvypsPHB5J2aJhddCowdKTXhKqUyqzh8pmuUK",
"6A6Anq7SAiS14fPUTs2a6Z8isKPuPq1wjiNZtZrqimM9",
"9GoRwfdnxRkTeYUofbHEaiE4q6WGPZrtjCBghAiS3w7x",
"BgxkitTzbVidnqoQWtMf4EFxqASGysG43rwBFFbcWueD",
"FrE8kRmy2GCKYqsA9XCf8HHpT8uxCs4xjy8kWb9oj2SM",
"54hpozUTEPqTANgBnZ14T7NeSdijJF6dtrhdFhhupF82",
"6vRJhb6UGhqeQ9J43dmHq5yXNXpQ4pCVhL6TNHpro5oi",
"D7JfyF3JXVVdR5FoeUtdb8Umuf2PFr8YWaRDKMe9bfYv",
"6Xwk9G5WtnSo6JPAWsJmx1RnazV6Lyx8gmnoWcLwbjXs",
"FWRovKPgdWKpcWMTLppSRNniZAUEN9RWnagTH1mn5K6K",
"9yuze262qXcerPuSX7t5M5t23Xw9JxRE9NqxvHZiYvcL",
"9pk7tcBt6Ex7zt8H9yy1Fh4hFRXZGsJXehuMmBWYx4qh",
"P3ajyytCg2x13VbJoNF2iS8bCpfKEewH28fLivXu1z6",
"vqghWbFhBxdpYMawmKBh1LHi7A9nBogjMm3hzi12tWH",
"2dpEkxPm7x5bFZr1e2DNCJB2wfXwnQzNZkpFxbU5A7rM",
"BkDtT2PXeYcBaegM527aVmRguVHzUgLZmY6rjx7k7SWh",
"CTPhodpoD1Umnxj8uW5xVDfrN1Dj6tZtgbitwuvHUMZa",
"3XZg12cxvnjTRkoZaZPAgSe74gKSzVQ8xNY7NzCeiVhb",
"56t912jJAmTQvMSvqdVL6jUzG2mkywpcvE27jrxbTSU",
"5GLBgZebJ8v1afqQV1UPW9ktcHtE1WzftS9unX2dErbk",
"4ERw8yMs7ymQbw44CTnMiY5SGVSWiAP3tDD4Lbr9UBcp",
"F9svb9YUsnTHR8cRjGyGhcPyWMbUdVjAiByK3qN4ufxQ",
"F56qeL5oUiQmC6x4KyaG6BoGTAyUMaRzjP6rcAJYFnpi",
"AhB42gGczkJz3tnrY1g5F3KnzqcGc2vQPTxcjxRnM3RW",
"4WQ3N1Dp8VZykixnFiAoaG6U7DYBTHw1DoHxFYos112x",
"57KoVhB4oExCj2mWgDaagUxe954FVWZFAF3VuvLJrxeN",
"2BVzXcefhruDy93WRoWJioU8zUVV2vqup9ouhQ2Yof6T",
"5FLywaSGyv9xTrQ95wpEsri4ZCVi7uN7wA26vJaWqyfd",
"Vj9qZpM3gWqSwACzvcaRWqc2pdugZR9miMsYHPPMKB7",
"Caz25ZW9uw2Y1Y9nARFvnKZLCJQfHrdVHm6KrCDxuzPA",
"GsLKJFFQWGT36FpV4qzmV6tvrLyqEfzLqdJWkwwGGDTm",
"8MmiTgURDd936towfqvPAEgnbr9qbPyX1naBVGQAFtP9",
"EXpmrR7BDvpDHD1EV2MhhXh7txTtntjry9H572N3SLjF",
"5wHsZaMbTbqR7ZJyKAXp5wZeeCsvGHAbPef7xVK1Hkad",
"GMMVqYxLizNLA1yj6jeVoQWwBVwmjhRCPBpkBnn2FpTR",
"EjrVcpFWQSc9sTJGNuHKm3PVMC4bRGLyD7MsVN3EtEug",
"GPC1YBWyNLKWx5UcAAFG3DsWUJ75KG6htARkX2djkRDK",
"4Q94MfAgm3dHh7qA7tpidhhDrHCAEUU36aPY4kcMwp1z",
"DXLwdMTDPNZBASQf3ao11sfjg9hsqf4byqvVR1gJVKoT",
"G62mFQjigwd1fJcEGDCWikGLDYy3x29RCx1Ze91MvC2D",
"4kn6UcTpQ4EkdqkbdbCuuGWpaT1e4Q6gkitBou8BjEbo",
"7ktsxSqSmT2L8jKx7jgWb2yrZvXzLNnWHUeCYHtVjQGU",
"FLCfFTf7M9iD7CDvMpGi3GSXCL9uoG1FLwPBgKkQWdgd",
"BCU5H3DSDJENcwk2vWRfxhPjkUnqBL3vZZqrxdUz8EJN",
"5Wx1x95Vq6uXvzRH7vLwo4yxCQFpyUwc7CWC8wNJ1QfJ",
"CNVEnTSr5LmLo4K8S12KpD61EMe2Zp2FeCv5PViwPuNp",
"3UcKBCX2s7Sx9MY3vinusNqXTQi4ZPJy84Nz8Qt7qnPv",
"ERNtandJ1C5gHNxnhBFsrP85nq1dPcvBPShy6S23bUNH",
"GqZuuLz9WmpjVpXAqbftfB32zE8GMvyCmKLsvtpAYvZT",
"GS7CWeBmj94BBfTF6dTuvJxsDWQfwmSbExjPkr8b5Wvt",
"4PuH27TcRz5ouFXFX1QKqiu6GHkLzjtm1GShqatva41a",
"2efbezrurGG7NqS2PZreMUAaFETM79Q7Fh6wwb3x9sAH",
"Ha7aSiWoFMN3TT4op6ECYwRtbQGBr2ZCSyQd3vexDyJM",
"EqSk12ipLNEsamn4DcWNHVHMoDEqx1L2oPEoFnzc15fb",
"xidsnm6xuPF9TnAekgksUchwuqUQ6p9dHknppb9Vjsh",
"95nDvGaSR8SCZh6C8AKrskGjxeYD2FzgfYSbdptQNWo2",
"DdvBKvC2TeRRYHoD5AcGwDVdMJX8cHVbZEK5pDKiLayz",
"Fh8GEJZv68VMes8MAmusohPiyPtznTnwRvGBQFbxWTN7",
"2syNfviYN4stJBzUGuu62czBRuv9z46WPqfLFrD9UFe4",
"HuNfMokBLywrTmSTtsa4pPuyoSiPUaREDy5pKcyXpXas",
"8SJaUaig42SybxKuaQmMGQ9ueaLMFHcz8j8cnk7ZzHHD",
"D4o5czKnT1Yo9QmMruhrvxTUqsSdTkvNJK8n9MSr7xrA",
"DQz7TmJyfTr2uBzjHTxzpBrkZaRAL8G1ScZsxnTb8i5A",
"8bPvUembWvfbUsqPV8RepF1JxWnCuTnoTiSN1GU4isHB",
"E7owkurRw11moZTgWYN7cm4EXEUYD1jfYmyocS5RcHdq",
"DYYtNb9RF2SXRmFMUgusyfRRSAkLXwPQtoUFPMynBBPb",
"GXSv3V1bvk9BQpY8t7FV2nZK7vzUo7XX96GiNcDyyKDC",
"Dm6re6j8N9ebsvKe7vQcbsmsDDia9H1DkUrLWqvMUAzY",
"GXTcjkAJAw7qsY3QzsFJA1i6GWm1gsHyQjgj8ka2u89H",
"81P4m2uR6fWS2XQfcWBWtg2WRorKYsaFVk5u6PYo9izW",
"DpiqHgf6x7NGdtTNm1gKg4ecPKnscH5cbAWwAqfbNCnK",
"qWhFYsXLoEvcXvrxexVRi81YBwxEGBjNWPKx2x1uHbN",
"2eN3DtNNW1MPGZwHqqQ7qZLsgZVuhNkht6SW5msUpuHG",
"HCjqDRwJMsaXiji7RrbyHfmtdSuTbQZtnRJi4MH9aUpJ",
"6XrtFxM2JXP8agjqboQkHiba2wWUDuvU9dw6jSvs4BKV",
"2STNdipTiEdMYN5HU279zpcEhoAZ9bY8j36nzBU9FWz3",
"EGsysZwkvTW7oMCXhvt8wFji7dRr3qyrkYknXDWPVJWP",
"25ESdwE8jiE4UqjmefyNouob1Ejo69FxvP8ENtscxjg4",
"AXiwoHkb9T42PHSUeNCdtzRcprpy1jS8VsZAAo25u5yR",
"A4kLiWqJAZ6dyhuFSdPeWF52Hc1r8UK4yhtrs6khNa2q",
"HcYSDzdFkZkGgqaGccE7QjfttPLSqWdyfwuCsSQ8Y2yv",
"Hp498Lq64h8t1stSSSjCUypUvd419bbDUb5FPhxgmYms",
"EawMVaYU9pvyyN3sxA9dKAZ9UpCY2FuTkvkjEeeqR5Bz",
"9k54io7r5LfWA9Q1e3PYNhkQD2rr9cyxfm7zEfwQ3e3C",
"9qkDoU7wVRBiaa6bS1wh3MqCjXn9qNTCwDyw2k8W4W6S",
"CaQEvAJm84L6WeGccQD528CAb6Tz2tNLNmg6oAuQMM52",
"5DRN5aTgk8sh3vKuAK7pH5Cd4VzCB1Vjy3zrpmHLdjkp",
"7ZA7w9UyLoNcByVs488wCvvonzdT8HpZAJ62CwQcE4hr",
"E1yct6GVQqr7c5zc31SQ3T8DcAnrLCSkyRhETuxqBKu4",
"9xUC9vjiv2ogX1Qdq5eMFjhzrUykGc59s4HdzL6CgPrV",
"FxBGKBAdqYDZuxc2qifoTpoKN6ExFjmnkQDi5np3CrSa",
"8H6Ph8AHuPi28v2zELdx4ybubHptXoTjRToPLotBn1pc",
"99JKVrSoxt2XacVGMYkHnSsBV1ogmoMR1JeFUCZzTXDa",
"Cf1i5FHd4DNogHMZ99v6Bs7Q1me7y8FgdYemfNkFtLjR",
"J2Zink5XQ9PSkHHr7cqg2Egeejadaiz9VeXJooEjNrjm",
"7ntLDnCNHPfS7WCp3ourgb63RyXpKf6RZB9UnDDmRjWr",
"ABVBm4qgdhmFfXcATMTiQuYrrbPZMCyUvV1hMFcvgEWL",
"DpbdM42RBT4ygqWbAq6SgqEbqE2aup8me7L9xS2ydCh",
"GmofjzsAB1o4xWFDYsYuuia6w8zMDq9BXDmeLbcuSqtA",
"EoFtfVipbxhzR5JXwdEmn1S89id1DuZtddoGwfwyBTJb",
"Hc8Ztn7ypwpAeg6yCKhPG1Nic967GgCdGzzgjXvV1xrW",
"7SWCKuPgHJc784hUYwysV5DYAEUAhZort4B7mxQHPfmk",
"Hyb5EtwvD4WHZr4SmRVL3NmrttaaWGcee29dxvty3sLy",
"9SYTQ2TYCXN1Y7mr9aEhsBfxm1rxSDz8xgxcmJeniCci",
"8yuJb7dn7USs2GqSX2vxkjFSk8YSu3iJ1eHRhb4s6V2C",
"Bz3KoJsjzm2KeF212MMP1HFmRA2h3hFsbPfYjQFLznCV",
"5keZ4c3pYUVpXDULNaa2adL4gdYhttNUBGwzjidACGjf",
"4X6t3nd7ynotoPCvxGX6RR2GS3bufa1W7Y9SzSmL1t62",
"6QnbKEw3dBih3LWbywoeAaRWyRjYHydzktp9d8VhEsML",
"FPr92XuYxemr1vovnegHBt2dyRe3iMkgGyzU1kbvPCBE",
"HxT9GWtWQbFsWDjZ1JqQssgQdRpx1j5gpo7aR29toB9o",
"GKJ7AZwyLzn7ULFoN2t7czRdJ21APw2LdKNn6d3UfuTc",
"9doy73FTGYMqTH3FBWMfMjR5hTAmVWVhbXcgoYMeog7d",
"BetSTw1SRuEGi82EsVTFue1FxoGBX7aZbSQeHcbisNqu",
"BQszmYSPgiBPZJUE6zFnbrqpLJGrnBEjKzfX5qkCGJwC",
"75KLeU3rHXHwfARrtrrd3TiC2SvwbGJvyTSva61NFBj8",
"51o97KZgb94X4r6pWbJS4Tv1LdV5sgXRvtbmjEPeswFy",
"GsGwLmexoPpbMYd5XmzFUzf3z7RH5Q23o1wbUtzeizak",
"24xREAbkJBEV47RqRtU1chABMai13dxZ9sPggQsByGQy",
"E6mzYxNhXkTdiEpJmFKpdUxYPwB1ZMag4X9ZUtAeRY2a",
"6dvLBLugVFTFeSLMcKgHsakDm2SvQZsRs6xteMVJhoa",
"3EEHqNmgLxLu4dPizZjS3o8NDyvjGVMr2hjhiX8vXDdV",
"XKKkBkteNtBmdjpG1yRiBuExpzcHjSWKXtF5V5VYaHx",
"2nRHEfyHxLKjeH2MKjfer9c4tAYrpjsYM73hPp4quqSW",
"BC5RSFiog2jy8Ct4WfnrA6tVNqC2BcKdwNZR4SJW3UmH",
"HnP73SuyfxPkA1c7Wd1yZ6TccGwNNyG3YsidcNoSXd42",
"BjVgX9mPifSx3FTRmACv8y7z613WPGSDnWDTNRUiH5ph",
"AwWoyo7HfMtChVZ8ovMjuCsEG6Dd8Gkyy63EQLZfGZ4z",
"ATy6GfC8sKhTyoDUzY7tC8c4FNi6Mqona4c4gE5im17C",
"13mJr8VRog4MdsJpLfYTWqrL5d2BuHtCzNkVuE2jGjMj",
"FLcVq4u3VKx4acF8Fou1GVcnav2dCZKz6n5QnyMVvmhq",
"UQAC5wA3H1kH7N4537Q9VuudLLDajtzDDCNLicxtevr",
"9n322tCNxKFg3QUDBrBzp1gj25fTLJSbS1ctSuxPhYJt",
"B1KrbXLoiVNUKNW29rE7Qqco8vqPKHNkYZpt23YiCogm",
"3nrqCwB3DvgM9ZgUW9nd74RHohaGtjpTb2QbQ8CDpEQc",
"JCk9SHsQdvUJ1QhPuWzpiXhj6Xo9jauELdUFw29ZArhR",
"8CqEiRbxy4H3u2DqiuP662BzKzFrBNu2pAMtfGxAfTng",
"DSqqW5mYj5vk88P6UghJcG7DWtC4aFEvG5uqZTe7pYZ5",
"7Qy5QCusiV7bGM5vBimvGCv7nqQVjaYc5t2iki6K3G3N",
"D5PMe4sRxZ8KCjXGPKWDbWSpYZBzwxCkLrGyFUJ9misC",
"sbC2J4vLm7SPQN7HmYawj2TiigGLa3AbWZ5TjFaMUBC",
"29a8EV6DkhAqn4q2cwn1EY7XzRiGPnZb6KjRafVEL7gB",
"DFCwEkavNBwatYe5wR3fPZ7M7BghHvPdDanRfn5e1n8b",
"GkFTdNpxG2poL8ijXhnZc1YPQWM1xiMAAbLFPTF3q8Cr",
"ALDoPzApHf4DLxN7Fyoim8X6KNtpvwuru8EbPgvJbyzq",
"DgfrCm8iJ6i9GZ9F8kx3WSY937Uwgk4X1L5NqdVudhyi",
"8mxfsp68dSqvF9exTrmact6o7r7ywJZFX8EGBB2G4Y4S",
"ArBxTTmqQmAiXy5eqnQJMvZZ3d8daSfseiJL6RjFD8ez",
"DmY1ksoN1aCTstiYqGPtMt7xpFkMFyv6KGpsRtqtDXhd",
"Ei2BQHjzo7k3jKJaTunDSm3PoPjxhUrJUU8MrdqHbpAN",
"9gAhDwnWHABpT8G3uH99fTiwyb1twhr2nXAyb1JXaALb",
"GLzk3GkGDxWnjvkpaP1pY62g65NRz1byeE3QFsUmbLR7",
"CKQ1k1MQjfMCC8oiT7G3ie6W3LwiXNm5mNdkPMGghn8a",
"F21JopPNkZ3DgtMrUGhV83DgZxfTbNCAdUMQaScNqmgJ",
"2BAqhaPpB9kuJiYXwzj8mRGxP5B7frqbe1Vb1qoBjxRd",
"3pyuqFju5zYEvvwWP3U7jZ8wFXATAMpezpwihjhTrxnS",
"vgrwzxW6PDzpzy379SnqZbcBZRqmUhH5Syi9nSL9FmM",
"EXEgibwH4qQ6LRs5nVFe7BHTcC7id54XSDxGZxhwC2Rs",
"6n9PpDvE2FWzrh4DNqEzbd7iCbcKQfvusDVwfeFRTb7t",
"EgcBkZXcocF4H4TduuKmEnJD5KorETHiRKxWogAhCwcC",
"GHKYEHqnA4pZA9k9yQGpzowBH69qvqq2ED3335UoKLsk",
"DRTVFvNGdicufu6q7YtMH58E1wH8cycEPw9PQhD6BD81",
"2FzPqwHdNrX6BfzBNageQKKKmh6ecdrdRu1dzjdccsgy",
"EmHPVwkKJV5mePzX4NWCoy7Y5ZBrBe9mRq5bUishqGGr",
"FSvQU65NyyWP4U5NHwAirr2fivkcoRMbkqpgWKGJgVhi",
"DCA7WJF9QXC55aMiZWMT6bhmqxQfcrUxqzg16H7vjNre",
"Hnck7AQuVcAYo9mBoAhLb5YX61iait2k45j653wLUzGM",
"DFDPjpCPAKAnGYRAW9MXyAXGhKfCGZomZqkNpomt5qBh",
"EvEF4dzsg9Lsx9x2mDcCnubCrAAXkfgfyrah1vxM7rU9",
"Any2yNHP8LgR5kcRk9NPLGUACtZgtVq5HvrAHLTP2gDT",
"4PADn6VMxYaPrJkLFh7PVmVs21TA2vAdFgdBPistHc9a",
"AQJKA9pEwvaE87cLP9gyfTqgxqoDUkWcBeK8F1KQiVGm",
"3MpAVxUhfqNbcNHeo28XShvmaZGLRFBZhpgAbozRDX1J",
"F11LxmhQqnQ66dB429xRLnwQixdqmXoLe222K7jwQqix",
"FEbqpoWnW6eLAa6z6d728yHymsaK9GbeDFAYBVGziF2N",
"3ocz32AkvyQ87zvy6RzozPBVN9d3NfGabSFa8MCpUMXq",
"5HwszQyjBT9NWZDk5TBuq51ganXtpRPoTYP36Qe4JpVr",
"5MCuRpUxjzwzKfqCMQfuFqDNrVf4RCkQiVGGzuecMdAv",
"HxgEaMtqzHaiVbe7v9c7iiR87pAqEfaGmQKTbzuku1fJ",
"B34TooyNm9XohoCB13kNakC99Z6tXAeVrRko5oe1777Q",
"6fedeTLSUGRXii5AXDfDkYc9fA8nuBntUdEGdy6ixAgL",
"H8VH8Rv7vQkqen1Gjrmpfcrji6x9DKSU2ork4XX1TU64",
"BPCgx4ZF5FeHkpdvPZdb3n3omdV2GxSW9QWvY5xbGYMs",
"3tfdZ4Zd4aUcrn3FqrPk5H4GvGhkwL4Hoq9xEDaJc9CY",
"HYoNLpTo4KinKCSirEUfxBBxnzf9qNDRtZaKbp39gojH",
"5Y42DpQmPnW5JCk7zcfmDBwaKXRxExwvTFgthBxqaY6W",
"FxcmR3d4P2E1RB1WgzGTrNdqaHMd8Zmf1g86t5UeeP1A",
"H5To41k8Tr4kBW6aQyKwdJua9JCN4qKs79W5PMkshExd",
"3TExDXfZdKt7gKUrnnYpMvwAgSbAHGiLCi7vzb7fiLqM",
"4WLMU4XXQNR22YkdHYsjyKjXWfp2xL4Aztu8GKuSAGJA",
"7g6PUpWch3Z75k2kdKZRJrn9w6dehcGGB4HcfqqFrG4C",
"BnEHwH8wnuVQTczHtfo3LwWUbmyYNADoyzE6kRvRQgrB",
"43RfkLSd3KKEBprmJPC78jwKe3JUcBhnaRoFSzw42cmi",
"DWDkL8a3ME169P3DekB7UHc2nKb3Gi1b9JC1eTUFi6uj",
"7gSAsFH2V7S8j5B8SRAKTo2MVbpqd1hP7cxZYmEXNseC",
"6K3T392eLEgkFs76aNF2c7jKsBZJtLg8TY4kMZ4jD8Tj",
"9WrNfWR1ttGtEL26cKmaSUpXXSYqnZmUqsNur7eJzHsH",
"mvAqz5iBqpZjXsk3bm4ViAb4FakkLZfa8jTkMW2GdvY",
"DY4Ym7kjJJKAruDW4PwhASXBJ2aWfoCnXxiFkWgLJwQf",
"572au6onTjy1MVenskDNvucvZUUDJKbukCzcCjaW7gAb",
"GyWHWFoYhs6juktwCJqWAPaYPFEyVHUNqZF4XBRSSd8f",
"62gzpfRihVMPbKYiN8cP8xHgWAHYkZdUhxZMiFtfC49n",
"5qR85oVXyrHDS7n2S8kUWiDckc8xSsisS5daRzNWzPfZ",
"HAhE41puCRw9tKxz8ZKwHqyeVeoRz7uwRCHvyHfBLXuC",
"H5aU9a6A7ohtfsjLb4v7LJLTSGuYeEbxfuUbeEZPWqqv",
"DQ6MDVBizUyaFiehMMRtLpUw8XEkiM1EaqeJwdLTtUE2",
"6iiWtMJBmhve7RS1ARH5FfgSukjticcNbZQLvAJAddj4",
"Ce2sidmYffa5hG5dTD82d2G41kJuY3PN42ksZhwHSYpV",
"Gf5LfYay3oydAAQsQMoZFWZwCvzp5rqvnTgyoF24czCT",
"9oQUzDBcFbQuEjv7PYHuHF2dogJBFi6ASU1R5FRtqMhp",
"A1CN9EWhBi5cW9eSeFiKDpG8SGzhygCm3euUiMUjGXfv",
"5C5wG9hFDXwf6pZZ5tWpKdvBhhVLaXWee3QFsoQNNi7c",
"EJ9zjsukaTNxUYCvxDABnxvLV4A6QkGB4hxvb97nD5Jy",
"7G85AMYN5vosnfBwjfwXzYjQK5xDvLKTJjdHYUGT7pdM",
"Ejkh6AoZoALzfC1e5WKyxgm39Er82onCnf24qNUASY7B",
"Hw3DdH9tJ3YhwV72X5tuFDCv3HFiR79oeHwJ6peTpseu",
"EY1ZgDYGuJZeqTREU42x16iRHKn2FAyfkkogZkqZ1UPr",
"Bwx7bq13oRUkPbyCQfmTCLy595Q7rAnMViSw3zAFe4Bd",
"7c1EUP53ihC47dwNCRRMbNn4Mmf9zif9xKSYKMLNQvRC",
"DFEHbxJQrRpZQXR5rFtaVi3rSh9oBv2xxyiUbYZEbL1H",
"9eHcuYKFH7zBujeLSWyvERmrAhWyh2pkq76ThSnyG1rN",
"C4fww3jreY7H8VXia1L5tUwoYaWiqGjYoEtxDm1cK5YQ",
"dgN7aLSxDCD26LLWhiW78UZoE6GNtMh4etx5g1gsh3m",
"2Xrp8zioitkPJzcAkK8CrB1mzX1oe1AEtHEzGSFwqKNN",
"H4sx6V3q35X9gHKbLzCjTH51Ar1SzMYUu2hbredKfmJU",
"CNVszXfzgqtit5XnL2c1MvghCGfNGmA5uvpUNku52ctE",
"H17DJQj4fmbwTsR26XppoRkVi8xWxf2wmFBAeBu5vToX",
"C6ShRk62HJYKDnMV52vCHbVybH1oJRvwCaUVDmnSHTgc",
"FBcFXhqp24Mhpf3v6PDJM2rM4wcbfKaAjo47kRy6T55K",
"6XvEjLMTWvwWrgpkSBmp1iPoseDMEXjn4A3Pn9BrrUng",
"4WZZf5DrL8qHPAqsLRimV2aGBwUYNx3UurR5o6sGCDUy",
"24bdoETGiREvcEJuoyvpCTxtGEdaeRDN56Tki85SSoWR",
"8bChKSmM8sDSQCExkojGv5Lvg84pv9N6VDbNEXrzKHKg",
"D7tBJgf6iJ8kizvAk4BWKg7EnPrLohrYDV26HvWpeRbB",
"9mTTdB63PSGcFUX4rGqncNXTnMYvziApKS3C5c3BEmnW",
"Fu1uZLWKDC3rp25vVJoiEdLyH1yzTM2eetSNFdoUJjdS",
"9WyjYcv73Psfdg7D5CyFcq6tAAusaPq5DiCFLWfuVnnE",
"Do7nVftkdJiz7qvqC5REgx4HvKzyVy4ESr1FbKtvJLZ5",
"8yB29KDLELHHGd3iY5pbcwBxypwgZaWH83R22qcXgYKf",
"B8NBzRt2ZtS41fwBaPodjcRVdqEV5xY6Yy4QUhJBLBFY",
"9f5tSAxxRfndzmNzsRYtM9EbzSayKPMWqfJ4yaWsgLsT",
"2dW4sS7DViUZawNNQw1eVcSMVu431QtRGrTiJkBqDiP9",
"3hm8iN1nvXRThyujVoNygjy9sidabKwN9Kfe2Ay3uowm",
"HzcdbBtvqL1vebzr7C9py2mz9CUgx2P6cUv5N2P4oYFy",
"4XbM2rrmSdW315EuvfKKitbbermyKXfxH9ci7FFChDEp",
"4D1UwgycVi1snYhPzv2Ne37PvdL7FBjubkjQHsjPpFLr",
"8rvc8w4Rw7V8WQZCQPDXN2ct8MuSj5SAVbwqXTk4RvbM",
"7SQA9rLuYHCMehVvxMWErYNVoCFYdKRiUmCKi9smCjj1",
"4gpxuUWPNGD73ZzxmMzm99CV5jHUhHK3SRYohcnzRGe7",
"GNWsfi7GG8z8tjdQQeSHzucY7itfYms2rhFRc4CdVL3h",
"CUo3S8QFKPEaLhdoLXVJdtq3PKYSJWjNhCgjayCnkJi3",
"GrvcdjjGhP3c2dako2odaV7LTasqK68r4WukLvXgH4N9",
"4Mmwb1seixSmwJtyawakRQH3om4H2QNtg83wvjKDCp1k",
"2dzUczA3fGjhAsa2T23zbeyPavpuiJ3mr7toUCZPzCNd",
"7DokYcc86xUJb9DNM3KTXnyY3HXvqozzNoxjMQntJ2sY",
"4M97ZRixRV7unuhLNWNNg9UdGHLX6aeUzqKdmYQVoGtx",
"Ef3bc4VFQPVq4cnrtTCrnHafCsderEqEZwzjKJthKQhY",
"9dhimXUNBfXJUuAhjhb6fUnkNpEY5puZhD2M8gxXVcrA",
"EGUwQHQEYoJRFs7a9XCzXTro32DxpCKyN7Dr1ZV5H5PD",
"8yDPVuuV3HDaUg3xdkfJn7NK7ct4GFmS2ARA4G8yjbPb",
"9f59osNScFLdYjVjt2DcMqxaWtjaByAP3qpyUM1spVeN",
"4mWzAP3xp3NdR6vv1Qk88jwhYatyyjRzgVC8v1uz7S5v",
"7tur8HR6RQLnXupLZmCPv9Pksk7fBuYFyVwpNocLoNhv",
"HrFTD5b3qBy5pBpWHjN3FhR4FR6RFJBBwqo8nGUvK2st",
"ExdKWMsBaWbRw6XoAQNDhBomDKiDBKGY5THq8xzNLq1z",
"66bnLoidmWNJLRW9j1qrDBFMqZnwTUsv4kM9UqtXsEyn",
"2EiKYKXWyABuLiSc11rmjepwoqAGdGWRXyLKmfuQPo1R",
"BUpCgqCQVVh7DCKDzg963ioE8Gs7ksbmypTnpEqtk7XH",
"DCEQKBVg1bwMksBriLdaXnmTKy5RX1Eh6rGaQwqLsfct",
"82FoKmFvZmR9nAT5wMMFUYJBznbXJtWAMWoC2aRaRpbM",
"47YpDdnR7AFeNxbDvtsg1B3GjdK3bFJLSQFgkYWirAXE",
"SjUnm2cJ6fK52mdgauP1jGsgyCmL3oV47H1dsDGa4KJ",
"6qrZWFMmZmfUXFnh9NaJCKEgamgEmVDRDh2JuzwdN2H3",
"D45iNDWJk4AALCmgyJisGBMscAmVCjdureV6J686Hynu",
"67qnxpNWBwytYi8gBJkg2SF7HGT41CYZo4Vi3yDr5Dci",
"Fie3HV9FBQNSGqzJdaCwmmVaoDjok1QHMk3oVpg29QtA",
"9D1ZY67P2ZC7v5XxZBMjHnQMLffs7mzbZeb72CrVdMBP",
"DTe1WJSS1riwptZnjh9ZS122oibGPJjMD24UAtfq186M",
"3ypHS2JtUqhkTv4KDBp5iABJjGi7Z11WSnJVYDQ98Qbh",
"HUYbivoAEKd9KqivMrzJT2Xad1Du5MHpdAPdht7o7m54",
"7tPyvvxUNHbnn7dabAdNj5VsSfyEvwVAhQXHFhPWoT2o",
"5gBRWqttokT9m1zT2kRem8GhWS6Y5euVFgx7hiN8RrRX",
"4hVMnwQ5h6N9eND4MhPiFyDE9totE7ENXrYk4e21XGrL",
"GsPdn7gieigKbVb4Pft3zSr9pjKpXKNxy5wnDnXo8427",
"FdGh9gs5Wuywd7D4oGVV3CWwBf6fWRNipHQKZ2uK9FvS",
"9DznLkJiPdafyHSmH4jZAU95HzLL3TpkwHdVWJMuGKjm",
"3e1jT7gHkXPBuTaxMtqMBj24SX51m31SHV7hjCQAi4p8",
"5K19f4sjjiPau7X5FXFgPgt12emSz1uJhNBmzPpG2Bf7",
"8GqaVeDGEs8kxZZu3zRyKVkw7wMCKYfkez2J3vUQQP1P",
"8KgoUjsvTqn7wQeoeeU4hhSgnEZGrZK4fkFNwe3Y9jyN",
"E7i8KsWAE3p2WwiqVRjSbN96ENF68zBLkmdj1VBHFikK",
"EfqoVvs1K2drpok2NiDgPWy3opN7T96RYMSpegCCPexJ",
"9B35688Jmn6GxWKCvrYHsVkDrjL8Tx6vnU46R3Eb27m2",
"2kK6yagVXUWcjMGyqTzNdWvi7eL2pjrWJezZ4TahQ2TY",
"G4dvUSMHoX2Rwr6t3QcAE3vgm69JMxDzYJvE9B5PrwSF",
"7UejGB1f1mrLmgAHtzaHmWJVddrnXSVYzPzaUVF7ehiq",
"BVL8xry4mtENDRznAt1PZjQJvLUBWG7QoXmnrph3qHBf",
"5Hr33GuWggBKe11abEEYr7BjXLV7NgCkMSKS8MbMqYk8",
"G8X44bbR8AnfT3YZE8MdX38GT5KYd1F1sJp7jcVDUFBA",
"ETc7nXpKj7cM7EdiqcekUg5yfnQ9yRBb95BCoXhMYwNv",
"Cw92oAGxf48Nh38XDFMJRj6rB2aB8X5PECGQRHQ5BQCH",
"xN2PcjNKLtTxQAoLZu7a2rtrbpzGrGa7axhQok5aiwn",
"7HNGRCaKscZ8NQ7BjmVx3zuUJkJocPErGJ1tJsC4KifK",
"DaWrJFUmfrTNJV6EhJSLU51s97ddchuSX3nJV7GJQsBB",
"47RyCdULLCdgvb89BL1vivEgy9PX1pj9nVfbaNKiECKW",
"28xGum9rfNyX87KZrvAiGkxdvetEN56PAoGqaNbncgHa",
"5y9CAS6pHzM5S8h3HtcT3nMVBeh4A1MdXrVdUiFyeUpk",
"Ew8a2J4Gkwr6ZGDgWUXCAiKfPRpQMXnSiFcjgcdt5tKf",
"7DLq8npCFBN5vXfwyyiL1kBA6m9Fbdi29GyramXjUy7K",
"H2UkXMZ3dLDswCnkzTpUKRUpDtGWDkQq3g8XoBKPsnh4",
"C8usSk83rn7Q1ZRmtFssmrUTMbV4kvqdYXkLj4fmZEWN",
"AhapXjJmH6QQXfJcpsDkqWByRwuGiAJ19n8i9eTYS1fC",
"8v1apUva2pCEizMs3pYA7Btdf83n8xJ2DDWBxaVwp8dN",
"7nrMPaR5YfBuVoXk54n4w6iRWgBW27HqwnaouCdHx2Am",
"BxiGbWQkPvGjuvtGqzBYJvWp2SKqcgshgHJCg8VxLiVG",
"6kSDCmngbnTegznE7d9A9fN2SWfM4NYhvcT4Dsyuddz4",
"12x8PeeT94XZ2XG5EQVbNXy1jDE7A4HVG5FNsza5J733",
"7JPcorycoPMKrSmggKUoHDQtCmWAeu7EeEFtBKXQKLpS",
"4EjKf8gxLa42gKhjzGQDppCtbyVuFqbJ9ikPCkSir36d",
"7rv4nUozMswkdNXfeWRu3w6hY2CBSQbzVMXR7c4EaJEF",
"EJZo3veRZLYcP5WAdUMBLvXt7wBMJ9yKneJTWi9pa4BC",
"75xcRzfw5TUan9997pPwzAvh846a2WxfdNztNV6rqxfN",
"BnKVSWnNwMnAyPzJmogDraFRJNQTQbHbVzxY9EGMbU47",
"6sVAXfwT1sc8N7drAMd6BTAtg4Stajt2gnJeZ37gHgxV",
"EVENKPgjDgaWnYyDwAz8Q5qVFhbzT89QaEP8Pt1Qrwsd",
"Avi1yTBDYzE5Buyh86co9gUQ2LPeKDNcZ6PCeq2Pm2BL",
"FZapRvRmCDsfhqRL22yLTbLoLw1nqdwdXsivP8nY7MT4",
"4LosjVW8YzZ3P9xFz9PyUrU1srBRT2NRdJMoK3MaJ7e7",
"C3N2isHS5bPNDNH1t88r4MUJQ6e9a7D54TezHoevVqQd",
"2NxDxUdnKwX4LJxszjbH53qsYZ6mwCsbgYFsnN1fVNPX",
"ErdqE2nhqDF2orzDde8JSYwQnqvANDd8MDonxzSuu12u",
"E2q9gz9a4fLVW1ZFX3HCSCy2VY8XtVsbQfdERfkzFGU6",
"4HFmtB3j3T4JKMNVkZvigRDJKCCjYzzgSKsAXXYuxkxP",
"ErbgewEiEDQuCAVem8gPAgMeepaQtowti2zDhrvWHB3R",
"GEhvTbWJuCiATgxRSa9ruyFYPrwJRepmqwsYt1CkqAuZ",
"6fwQCCvDjPRaKTxcvvoVgoVbDAKgTMWr1xTHUSwhFpjk",
"EsM1KWzHMZuDJ9yYFNx71n8Refzgu9JMvqfh7zNooiYS",
"CGbPkn3toKSmVJbYfbgDLkVV3ek13c7S5Lnam1p6Yw2G",
"12GAFT2r36mBGQav2HxB4E24KVHkQu3nXZeLZjNhQ3je",
"CoJWFAympztfgDdFBFFd8ytJyiGcHaxRrFwX2wmt39UC",
"H95xBJGsYGHGq9EWJHPNPtxMRAU9gMpUdXSgegvH1JVJ",
"HLuQXXHMgp1rMdwyAnw7XvAhJS7trf4Fzja961yKYa4V",
"2T1GfYVRXRp1ALaZGFJ7pu6Tb7o3MCA718beZ2hownpT",
"FDuPW7rn2gBGDPCxbo8bBws6Pj5S13hpFGf2bRVVqjP4",
"HqxaWaLe9zVWD6aZ9D3RhZZs2iUPfMNHZN44pAc1uccR",
"EDSufneyKNKyipWs7TnGg4EQvm9avekBpuE6vqQbsGDJ",
"3DsmNNTY3oAtEjFdvinnf2JsgYPXm6T1bWYstTz5Hmjy",
"KB3eHPRq7LUf4fcFFF53dBe9Edwa5WZPPkbL4E2nQDi",
"HHquD8UdDfG3girQqQLUYN9Pj1CDA9DGfpwYxqKzB6Ga",
"5ddRj6wBkbBcrXL5qa94ewhJM2TnXTaqX3ZhmeyKbZYG",
"AhyufrpuhEWZJvzgSkM3druquNwZFfo6YuH5HjqDLMtk",
"9xAqPeb8U41v7598yTi9tbipnhA4Yg3JPc1ZCo5dL6hy",
"DnSGWfSCnqR8AqVjNz5sDTuqs36bnUS5nSUbEhd2zVSB",
"FgTs5waqVkyD1s16fqpS3wcXkTmk676juoAHb6rN3nPF",
"HJ8aKyiHRWUYQMAHzxqVKGFEK4ASXuFP89ro9RusU5wW",
"GqoKujQfsXpqCRfvpN4eGgGKKRbrctGHVnZ7546Txmv3",
"uRiiZ8qobofoq5N7nEzyU1fLNmph8Ya3rxA6RG2A8Aw",
"B2EHQcXmoFqjtXqLuejzbo5GtKQCru6AZpkdSVin1Uan",
"GWy4hKUXQdv9hddK183APcKK2HYwWarNQWQAz2567fCi",
"F6dnxSFsEv63c321QLUEmytUCSbozQQDgXGNJU2Mgf1P",
"9nXG3oLaCEdnxKoz5QTvUAtsrKYpvkaj3QWV3VUhTxZB",
"7uzPgegQ2PQNcCBWKkDR8tLdk2ARajaX9VJne1tstsSx",
"TPacroQQGrJzJ78xmbFyeZEGCytGVCfXbVKPTJvzeVz",
"91K2sjpFg1tc3RpLxH4SivKWd4TZoxRGRN5CCUVjfafk",
"2RmGWL3wthccpCE1PqjPsHuS3avzjfMNhimmJcGzE1fb",
"BcdJ4JfALR9yVeCuMzc6Br41pVZKB9rVpcSjBVwr3m4u",
"H5gtZDjNjfnWEMbcCxnLkjZbPMjzTibzY79nHvwTEGn",
"2QnVrzHYDGS8GTPXnsQsgfRwGU6oPHqByLk63mJuGUJs",
"9HAd8yii5dx5iRNbRgUDtwSVbueKsFcHYmU6EDj57Uja",
"FpwYaqcA4GoLBeyb3p4KZHXTuwaafqRdZ53Vw6AcwaXA",
"CEnWG2fBASc5My4wCkoL3RAwagJG5sAmaDhnVcxeZPMf",
"6JnDmS9iUoDaUpecNuoCJCSbCVP2zNyepqeQCLVatKNK",
"GeJy4gzN931hwjxgEe9GcviTnnwn4WeR9DeNC6MABuJ6",
"HVyEeedbFwdeoWnnpEiMZ4Cpau6kJq4tY55Um1rNdZhR",
"CxqQnAbW6HU1qNasikWkFXN8j7MWmFnjNHTivoQ8MUTm",
"AaB1TGcwLEPnvt5mu1dfFjGqQHNjwsBmobZB3eJRoZD9",
"85wH82at9ZZAangUvZpnc4GP7RCEGjdTYiTb3TzvShCy",
"6pvNFnXBiJTSVuY8gQFpMndzEJHjdQ9WREhTW8yQ1Ezw",
"B2i4BXJNE2e4JGouSvKrQgVnBFQkDxoaoHBTXLZkyr5D",
"A2bwfe1suVCo4HNes7WMAtEesGreJUEBBZB9LQE3D8wj",
"AFn1g1J3f1KZiVf5pnsjzdfjdV6FYnyifZEqLCQ5DbY1",
"7scXp52ThbghhS8h7NtYnJYtybudQw3NwJcgEmfuz3Bb",
"82m8PUPv7N6zn46zJbKLBBgKTyejaLn7tQxf5sPNyfwz",
"8r26QoYFFHUEfdV58H3V2QCjYMquZp5to78HSTnjYb9b",
"GCpT3XayEpYpNk8B7rav69FxNGv3fvDvGfHESzjdwxH2",
"AJ2WjKdseLQsZXRqEModiZQpRT2dv3sDDhB77HjCTQJy",
"2zMVNZ2ihf8qgSDhv49fuFMfjXcNFyyTpveUYnvqKG65",
"4mWtqSaPSd7Dpg8umSWBqY7zhPH3oMb2hjmCgEQE7AxL",
"HX8iTq8zrveeUVT84hvTq1AbF1z69yxEy73bQTepBr4E",
"ETNYdKioPwTfDsUMsXuDhuuhcxwp8XcfFi3Zp8QqQ23u",
"3o3ZkVU6EpLT1jBieBUh4qjkmt96AB3CajHnHcXoWuWc",
"DXPtBd47XfLjEv4PiqJQfrtPhdHaZRt287sJfNuf9Lc2",
"GPhtTB98tUAxtjvJYC6gMVbHVEjrWAbyRLQ2X6jW8C7N",
"GFzij8zw3bqfeC5C4DBGrk88katPAa1TK2j5pk2h4C8K",
"DbihLL9yzJzKGRHA6ixtwicre7hnezzTDxBVWMWbKgZ",
"EPABWCRPjzghTGT34Kwf9EEmAXzNoTmYp1WpUddTzyA1",
"BSSstMXXenN2c31RTfQLgVVe7jjVyKQvp8pQ8yGQEoVH",
"5DrLucowBcHD5bAiU2H2kFkAusLz3p2HaS3L6xc2p1aS",
"AmMxxDQonhpVUkd9sU7xKvckP4g6F1zPc412XDz1KMBf",
"74pQou833ZThEeitPa6FcoSX6L3mqUNeFy1XWZob7dNs",
"8PkbKxGRxheV2omemYA284sKfkhKjYFb3n1Bt1KUraoz",
"9wdFTky14DFULVbkUbbTrC3voUpgE2F9sXYiDTL1thxx",
"GDz6s7Bu1bNm5JrhgCL6ccLFgzoKjtEVeSC3X3oS6ZvN",
"9FttJ68F59QLUkGLGeyAkYzvGydSfSbK4zQ91wKmVQJS",
"FXUTDBvHr3uKieYjUDwkk11CiczvSH2avAZpBf4jcZWC",
"EnHNhjHjbfhvpnyCknf3AZ5GsSkWMYRYNSVj1aUrbd6G",
"Dau7CUybWtWpr9FpmAGSLWtcdLNPwbzg3xQo2i97dBux",
"4X4kZQ6mKdvatRjpf3LAaYgYD2nFSgYX6E1o6zCCUtk2",
"54hsdTKeKMRVYKUa5kXbCakUcEvNUgqdxr2ippj5gz3D",
"6zin1HsarJp88Do4unj6QrkMAbuaozsYjY2TGCECfp79",
"56ofKAvi78hEZXn8G4fmaUvBZzR1Xsx7Pg7qDzZ86EEf",
"95MAu1egWNxDABFJHMLFjyEq6JULa5Px1hAdcz1baVD2",
"GVjZmf8nJX6ShnNPVuYNqq5tSp3B52hRKzGZmmrKKeSQ",
"Z1ipG3RsGfiCvzZGz6aP32qKscHDj17p3AUxyHTAnck",
"B5NmarB6XaTSvTVeSfmincawr4FaPWFTRU1cUibC4avs",
"8FGQZuUkmn11YV6KsY5ZMCzYXsMXVU5KB9e8PzbL5q2s",
"8GGpu3VA8vUbErDKreqtJ4tYYdZx2avBVEqFvAxkn7Mz",
"BBSVrjKqMyyQKQX81KgcdkGrypz463F7SXSBrZYXPkrY",
"BetKGYV9ipURSuQV1H62AoPsxLGEu9NGpKjWWJ6zqck4",
"Dq4k2LY4qjhaHbQ4FVMbP3jcmgsCaMeSUeahJCfjkMVn",
"4ynYmJxqzDQzU38yAMvRUMMjrySbM1penjDGjfGo3PUV",
"5tPYJR9j9VKi7HxcqW5iaYipyYZqYZRzNBaPyJxFyro4",
"HzETkrxKUNNWKiChxdpQJyncFWrAWFhbjrDs8AyETjr4",
"8ishQ6H2VBkk5azteqCpB8F6uZ3hG7ng9r8mHzMHBGuC",
"Fu4m2qAkmVAxb4PB2FKJBpWv5TRXYjYN92UMNCeYiSHg",
"9TFf2QDHKoasnxWfzAsBKLWvma8FnFHkiw2HQyuu5YgM",
"3DiajAbeGfx9rhw75BBRnfrSRywZMkX2jEUuxZhVoyD6",
"7yJGndP4AdyUkdgmbKwfJUGjZTL3NQWJn3apmMET5R4i",
"5vAL5HkQ3TqtLvW25HfZUZM6e3yGPrbuKoXuEK4S85zo",
"DVoef2Jsycjwtzx1RpiSjKLXRy8BsmoCjyymGp9pZsqU",
"9q6ZtMY3Xnt9kHERLUn2QnbmF7DBVCKxKZNC1PWG16j6",
"HbRMeS74RXVy4vzFVwCX8JdCps9va2rNQFE6kr6khAab",
"HNF85vQkTYifAdczSGsDXnWs1wWFAbyFYTzQXHepbwzm",
"Zc1Kag4NmcoYSDbxWioMaSBREiG2qwc3iH7oUsZWCaB",
"3bmFkDHk4TMiL642ebPiwDZfrjGxDxtqQsjrzZavGGiw",
"3bkLnyTFgDLxkWELc71rNF3wjqXncfpeEi9FMm6YAhj9",
"HLLkDJ6PnQJWyuivdAAvRiUBsk3bex7iGnrgxhEdgky2",
"7Up65J6WtajcSjfKuV3rBZwRcWpDu3pZFvtpuATRM3qQ",
"AKnL6LkHm7xvWJZ1kRzXwWVCS2B5yqBQ76WqthwP4mKg",
"64mVQJdkBcWnaPtHdQ98BopcvKyauKL7gbM1uNv36ZKk",
"6acSKeke8JVQXvvE35rmGtRQTkX7FpzuYjoFSHjbrHzW",
"2mTU7ZhEBis5DZGyrGjyARJ8stYpR6iesZZ6WqPAAZhH",
"6ar2ZE5uCfcUDhDeTD5vC2gaQcRHYiPLQyfc8qm7BZK8",
"An9CGNuEkSB5rieMbuYCUF35aaFzcwfmdf5Y63rgmcUX",
"264SBWo2ShxUYANc6ek5JyFmmwgmyLpkjjrxcBEP6B2i",
"63wW7iMbNauWpZoTijKEA5sXUctkh9jhAQXY6T74rxjF",
"HeMU7b2qMF8kKUGdbJrpaz2PaVP4zLpDf9GwmrzaVGKL",
"2u7JXgdUc5x9ZtodT5orjWMkzgFuqBp6bdb89erWpLMX",
"9vsx2keR2CAGdJzVmTEpiz9R9df5VSEhyhJeiJeceCWY",
"9b91PtsYehaN5SknGcuf68p5eFS4a82qr6x1WFC7VPqv",
"4XDFDkJBUVqqTVyRTbFJ5KAQWKvsSUMCKt5s6bqoyqNT",
"FcnMh88WYVjNPWpZsAJ6S5LpaGEUThRTTw3eFoGbQWno",
"Cg24rbmVkT8xf1Aw7bgZohLiRxsgDHVQa8SrqYu3Aeut",
"GVoM2Rsp1aiaFQySM3PkdcjY1xyn9TAHtQhkRDm7oKt1",
"DXaxBuMT3Ciru4qJjaHSH3vcmHg2nrJDtga1bidFpgy3",
"58nrKaGcAF3RccxMJ1y5RoWM4NYoSv4E1WKKSgQFh4Uu",
"6j98QQPY7DJCgr4qh8rGh4naQ57U83ZjnRt6GEzuA1Kp",
"FtYCx1Mg4vtoUqDpsiSG6kFedCwRq2f8N73XuPj1UJjg",
"CNLB7cWZMdb2wL6WwSw1F3WrdnTm3wEs1rumHm9k5J6v",
"A5Fz25JVUCW8RWybhQVTzMboMVeWPZYMLE1yMwHPPXT9",
"CZYm7fJyotyYeBR4JFW9yA14AkSB2pzfom5uSRSKwtAy",
"2gr3BYT5JnUQFAZRWubXw3mPZWAWhWcKK4GZ68jkd1k8",
"AxJvYnBj553GacpG4PprvvjYxWoJg2BBCYddF9yUJL7j",
"76vXSMxk6qYkZjRMjhj7v4hW1ZTi2oai5BbSviHJrYEa",
"5VeU2rVPamJGmqDQPMxYKEEkuCZYjPSfsikKKpx7jNfy",
"Hy78fVGtebJsbGBT5MvH6rWEfsVKR5EeoerT2YPgpkaE",
"4tm3bdMPVwbF116oMbLpkGgF8mnrmag4NZ2b3wrSNKAp",
"HU5EkThBzmurRtoQXEsp6qTwjoqwQvRpLDja3oaqsJCW",
"4uqjH8qLLwpFjzFiSCrMHWkRuLoYrbhxGVL8GH1ybHob",
"6P8fwfUF8FJonQvfNhwGmgxeve6KSDm1aedguNZpSJ8y",
"AmtGrbkhwnzhvhrQCmjYfggQ7oYpP1CEsASzThVcgswy",
"DukNFWcpkg5YtaJBXjJkcnLCNWjXN186c9WQ8HJF3uyX",
"E4wYoYHN2w2c1PybRwvDcrhNvTBxi2hJhP1n9HiKaz83",
"222ibiLtfP9T3UjJcGaGhqpiWfwU3okZHMJiDW84Ldfg",
"2tadKB7Xvbh2uMaEXYMHeWne1GFrwWgb8kj5Dv5QDUq8",
"7CDf9SYEQBZcn1otd5Wm83FW2mT4pN4CxSrrGL9nuf8Y",
"AGKkofzFgCXGinMkEmUkxkfZwvteqbnMXaRovqkuJRxZ",
"tWGBL3o7mxPVhGY2BDgFHq8YmmDziZcYUzENx39WMt7",
"8yvC8URjEHvuSDSPVP3UdbmrJEmbaQxc1agjPifsa497",
"G1iHmZveGP4qP52jNy6ozUh7igTgXKVS88mL26kVZQZX",
"8B7BSpr2SYMhyAudumrWtCZ1nN15b7vXaQvMLdPMzF2W",
"HEpqMy4wBd8X8oCNzcRUDVSrNLbc3AnCwRAJsaK8Da1p",
"BCrdnSWT8m1dfksR6aKQcwGQobh3CcrDoUSrcs3stQLs",
"BahaXQNknFXtPX4hmfeidm2Xd4KiT1zCtfpSCDxoVnJn",
"DAJmLZFVKFLn4XQU9GnNsVraP2mzULbyXZL9uqsRHcCH",
"4DiCXNF8MfobVGpuoxsAsbNiqbjG35pgqgUk5tu5FpNX",
"B1LpXNMcgtACrjWqtqQ3KXAdPjszSpFfXnvczfozrd9",
"7jqKbw5WwxG8gGada8mXgDWDaVE4sz6c6YbTfYmuo2UJ",
"H45q7DLpySZ2SDVNvvMdKAL8MNfcGAqVQCE5gwc9wtJQ",
"2LHr7GmwJrB8x4K8KeuzccSJQFbrvuCsrMtjN6zxwJZX",
"F4iQWmmAvVyYsnoi2qCuDbayEkEuUAk8JVP4tbnr1zQB",
"9986rAQgfs1CopiGdy9URPfYfBQaKxXNHePemLZUEtEK",
"2tStyFDTu1rM2FvRqdS6HCbTQbo87maZQcPyndETgVbf",
"EAyjgwWecZb8EVatn8YYtBQsorocAV2tmWCpX6H35KC4",
"A3FRXCDzepZXLgYw6QnG1r2jr6vADzASPSWaCPdGXUoZ",
"DvQinkeSuHbWiF34tEp5fGxgvEBpss3v8DbxDcoz5dnQ",
"7sS2H5BSANVvTUZc5DADezWxXbwgjcqTR1QyP8jKCFGF",
"DB1cqNgqrh8xEb9dK7MhYLbmK9PmoQCLkinnmmQ8AmQC",
"9wjzSn6JNrZkvTv8Zb5YHBrdR7wbTv32y9TQAYL7PcdD",
"2y4EdqnJrg7fNqqLTaASRuZf2vFdpFVCGxdXsNJepifb",
"npHcsKYnBRQoZxrs4xiCBfNL3FXJVvM815hvdBosGmr",
"EbxLBy1fUHtdNGncT4K4uzxpEYrm1YF5UmVF6wMpmnB7",
"BpiQNJ4ViEfnpWuzZHLr39JBz984H5ov37p4pufAMS62",
"CtB24oAiPLaZqAHFztRhxASBXvf9RSh7vscgBzczKq9F",
"BzQ15k8QRShoCHTaB1t68nvUpmEo3eGri5NVBceQCLfC",
"D2kHxm16oRS8PgsNKSHRTxpcotzyH6UKC9MuLXqKcY6z",
"FAXBx4FkfS4mrsbZ2Rkxn2Q1cXNVeCkHa3RGccsKUcmd",
"HmRMrjGbcg4GbCJNBNEknGEBj2Y1qWp6NQNz8pGFWA2",
"M4NSbWLw7PvRywydACH2U9iDsHdWzegPEEdjw1QTcch",
"4EdEGYfvS1zZg7ntDvTdhdBDuzwTppSJdpr314GmSZYX",
"6bumWE779kDKLHxV4eTo9EgxHsfhqKbaBrRT22Nb2y63",
"2m2Wzja9ojqZwzTG9oP32tDcRxw6E1WcgzRBwpsNfDAx",
"36GS4BwMCQP3aNErj7ZqVmBznQRd79kvxbKFiprtB9v5",
"H2B7qF92ny8HUZezuJPj61UhZULAj6Zm4Dpqw8wjh1Xg",
"2UtNLkzGgvK9jedoCM9JP46qyZ5hCZEFG5jJ18BM3ymk",
"71j5ouAcJCLygn6Tc9GeaZfpLUuHctWcN46BJ3vkZf4Q",
"99yNN8AMyMvzg5RxpbLQxsNkLoBqAZajukAGhg68JNi",
"DGbSsgXBaoCsxkAhuDVMLGt1g4B2YmVrX4TQt6YW6dq4",
"HEVWQw9Uk6r753cK3wsGozX81Hq2reg6ynqCUgB1bCHT",
"4Tza19ojvMggaXP2fNWZfp1McuDtHu3mbVg4D6jaoQzs",
"2aVykiHbdnpMxH3DJ742M1SmQFGtyjSDcpmdVjPdxqR7",
"BwTZG1sfhveMVJdQ2WB3BKFBsB4kxmJyZawPiKc2z1Du",
"4DW3iCBfwwWVLmB97jyKv3GmiR4uwb6KiWj68RSsYBnS",
"6EahHp5GyRBmdhDX6xNoMX3x65ybnSRdqJivDkKH6R6V",
"8T1pbByjWDKm6uZa4avqBuvEikahXqauQCW4fmHQThRx",
"2WZfktffGL27MNaCikUjBJp479psMnFbceZiQGEn1GWL",
"AX6fc7MiYGDPr3bixm6dNmLW1S1Fa3EFmFZ1mbDZjNhu",
"2GxuwkLwqfyR4ZY3iwtSKk23viirFDZ7KCNycYEvYqF4",
"Bo4pK16k62P5HJ7M7CaHnW7nwQjpyRtn2GnJ2cNm2yyP",
"6P6h3HdPs2y5wpXbxpQUxACzsmgnN2aR3WyUN1iX52GD",
"8sbm2oEtUEFaR97QfGS5apMMuXUTcMJb79FWJD6qE571",
"FbqVj9FcZTeePjQRE3hZcE2fMSs1uAqyeR1jFsNLhzbS",
"ETHJDiwXRv5r78wa81WLPvhVAP55SrwhcJd3dwocyinr",
"Fxq1dUt8TAkxrmNLgy8FHZzAUQY9VwcPW49aVXhEi9WE",
"92mL3kzUWiHFNJGLAkBmtB2b4ahkPrg4fP7znFXcv2P2",
"5K4oYcxqkefNsqGLtJNNQV8zxTSS6itgXwV8dvh5EvBr",
"5Zj4QzS5CfbzM75wnvqabCUCqENFYSt7NqWiQGCAaKXy",
"Ds5HbrM2RaNyz5KxE5zHjB3PWrjdvL6fHxV71RApmzLo",
"A1zCfaeRus6JKhEnCRufZGrCs18H88fWe6pkfLokLoc4",
"7Q8JWwGJSn54EZuMJ2S7ZgbyNg5xUXmDNWvAXphWz699",
"5KoNGx6RcckqRUQM6yE5UdKM3bJvMturusfyVZFnr8LM",
"9dDDYWZocRPJ88a8VAgVg5zgCCr1zmocztUssDp3SghX",
"CSxSktGJPTj2FRERR72tZ11JP3KkitymPZyzyPGyMBje",
"2gQZxwbodNfkVxVSkbLNfbaGeBkiaThLKobbTDAJsFKM",
"HtLBdY8kZQJ1ndEGtQPrie4npCHYkQGmpCzwFgXqjqXH",
"61iXsLCxmgomGXPRoSMsetHyTpKJXoAhY14REtm43q3F",
"4wgFTNqUtMwmo6SgyY8ZN9qWmUZP68YuTz2ZhtmFY8Qu",
"5ZcmGDGEuwNJXFW45oZ2zdsStffcK48B3zkrkGu2NMVY",
"EM5LdVxfTCzQHABnbiBDzhd8KFJvAmV23Jycg5dhqwPF",
"EnxcsZBw4voiU2jAKL4eqta2zTY6g55SbF6SAoA4a5uN",
"H3pxLZYJj4V78QdSjjuWLu4AYyNeoWat8nTk64oDUCPk",
"Cyt1HeXAmfmAUkmrjLneTAWb7CZafRHiaenNjyM7ZUuP",
"CBWSSrhYUj1w9uwDNtRyrJ7AShfQqy3ndKtLxGGR8se4",
"6HgT4yQNsvicjApSFzeMosC5zaGVS1Y8fxdqMTjT6iiA",
"CgFDqPyLvCTNFdw4MNt6MDWHkLtLNsBcPcZJYM3bFWxj",
"4dZkX3eKJp34KyYrQdNrmJPtpaZVLGnHmhx9UbahVYUu",
"6z8326QHRG37ZJN9AMUJrBUB5LuiawuT8VLdpUpWVCJK",
"9R4y17e2kyrLPfGGbRhvzM4hN2c1hRVwjmsDk82unaVH",
"8NKG3TRrZdY4xBLtRrJ3YHG4WT87xSbHA5NwAGkFrPZK",
"EEp9UBgedVjpL9hGErQfNN4uLMKRUmVRvQLutxST79DE",
"5tgSg29xtE7VKUupnX8jgoJrjM8oz9nD868L4xeKFdYr",
"DSSgQFa2JbnywUhAo4j4Cup38H3XAZdEv8HfHSHtJ6kB",
"DWYQvrws7TMPrXHUz4giKo8mBYrgMqPtcfgQXtK8p8xm",
"kcmrNKPdUkBrtAFC4bGtJvJmisSPR57zJdgxwyAhQz3",
"CF3kf77ocaZFJ75hzFdDpdgmvWySeBT7jktjMneCd8kC",
"BpsQLwJbioLUosuJLxe5kvR9P34jQVWFzMn1W96nShbU",
"6HXkHiq5GC8xy3zsDa3wi1xRNEX3iR6Ca2DFVSVKXXYf",
"2grNV4gqvYY19C69GNaThAwtaksf9eNV12p648s7wZAQ",
"CLtTVAzMsrhRw8SnnhAGssUHnP1k9yUjZkNMx8g9QYR",
"DbfcDzC1T7FNHeyV4kLaMMvBec7pexvcqKGGK4rm7gZ7",
"3AuybbbfXMJWhR36f81px3dqphnkwy4mULqa3s2d3BuL",
"CtRxCVqz9SQ4djdRw1x4CXfg2J1SKfjer6jHKu12Xfni",
"Hga3ZJfQdrHEzDrBK8kGkkHTPbGMUj2mdgFoCmyz9dRf",
"JA6iNXGF3hWnMVDXsG1HKqDnHSLu1qdM7VJwFSHxbj9b",
"BKF7EbaoTQnFFMdVnWDMYERBbG2rWgjyZqYyfQKGRWSN",
"Gn69xvwugkruxeUQTBQ4zsr2PZd6A6rsbjF32G5ttpjR",
"6vmhBLFsBwWtczYk6xh8La1WDzrBZH16kj16MkUw4MoV",
"8h6emRpEndHeC8yVMc6Wgz7aeco6Euf28ykvNPt5ggZm",
"BkFGXKkdmyjJGq8ZtJM869Q5R82Y16qMQv4mqZGSHzKK",
"EvoDnhT8he4jPyaj54UDxUUFBVfasnXQoysdPv6KqMjF",
"EM7QK6D8dV6NwwS7tz1Up8xhuU5V3JkGK1zadHp47Ux8",
"GrnBWXyPtpoR8FtxXstAbB85LXH6yEMi6aDfDnHcSVvw",
"GHL16fjARQaH7bTU6QSEKa79qQg9gdCigsb5h8VAaNf9",
"EeQpxBV7iuAxRBKqhHsvoxcjsXH65iPZoEXomU9FHHdL",
"J4SJgYLHhwZJmsoHEKCD31yqUmfnN7swfeGjDEdoiWDy",
"6Bc4hpbxTzVGBShJrDomiKTMR1H6LhomDRwHKZepLjSf",
"2fu9UvfwWUteKvpThXGzWBW7mMP5gU7e4tGeMinomGkm",
"G86BjiDgUXWvKUTvoN6cJv51htnL6hpHK4NgddduV9EM",
"8BL71hMB5eDPdpuBFJGML3rk8XEbnHk57hM6gbZPBkzJ",
"GeJRH9j7dpViTZjKQnqocb6T3HWj6pjwpbwbMgiYcLvZ",
"GH3Kj2fZgSGBeRwVdrdgb6cV6gfPwPmAQQo4F7j2tRz6",
"HAZ3TrPzCXkWRjFa1SNjSpW2J9HFp2pXhwHXqDpbfjzU",
"JCKf6tEDPiPodHjAu1yi1yUBsFnZqMkEY7j3xfgL2wa9",
"Eimug7eATkn2R3mk1pukF2CGtam8XRJmdbUqkizq7ipR",
"46JgueeT5PRFfEyKnQCiNpAEQNFG3HsUdWDLmVkmX5v1",
"D2JdfAj8Jk48zgjvgFQRzpWSFFPEiZYuJZVoBRe1kzYe",
"FuttWsiHjxwp8E2tYr6GWKuuzmXvyUjyr2aueG7tGPGY",
"3BYHE8zNVhj9JuqNcbnVSVqDaEyG2CHye9AfKBqcgEcS",
"AKtCXfx9Kx5jWwY76zTuPNnwZNCEgXVMLRkuKYBPrqkT",
"9yN4avAEvD3iKRo3an6iMhpwRQf5qt7KpbHVBAx7gNsb",
"9d1RakSVZfW7tzmSHoM2czdaTpCN2ZFxcBQbJCWw8jSs",
"3ygtgjJ3hckV65SCHeFtrj9dzCUdqeqPh7WpoveuVFJi",
"HTq7MaZcYMSG8EYvXd1hiejCAcL88Y8nKTvK7QaUhZVu",
"5YpF9hgjuPfQ6Ghuh35BgAKHEGX8NZyxZirwsuffGDsQ",
"HcSWyApUrGCgbPSGVVhHrepBhpAFum2E7SQXBXRjM94h",
"6SaJ9woSwK5XYdCn17TDTw8TuXZjFpDFPsAXzz3FD8te",
"9ezJGeCZqEGJPsnopmKdeuLaRYKgKkMmYJAKywDpxVdi",
"EeYhU2xG8y1Q6YUNtqmEAfoPKc8vq9w4DkP6MAhiy4xm",
"2Vdk2rzJq8QyDtKhUY3NaiYoGv194Ep9HEjwne9Yggz4",
"Z8jtkg2K7TdMKiaqFdmbiMjhHwCrQLsGzBAU7rYP3hD",
"BNvBbWjta2XjyGkY31yGQ2xo1zGNb28UKrpTH889J1g3",
"84B2u5XTh7Nt5pzftA3Tyd5gGvNkSo7wdX3qKMT65EMJ",
"4vUwF2wMsvFK8EZMQnZ8pP8Pc8PbAmtTcqXFNG2KxTc1",
"4Vjv9Di8yxB5mi9rUNcWqLHKd9fFVZidJ8ajhvEAnNfv",
"H1BuyVhREZN32EfMCPKUQXMDhU5ZTHk3ZmXgYUbQDdG1",
"VVbi3iMA4QZia69KbmRGysgbqZtD3ug8ckMEMLbQCDE",
"DCJ6qWhg4vLghV27FVhQsCc3seJuPGcAqhSfvKoqYzz3",
"DSzDc9g9XgxzmFL2EwNfZ6a41dz52jtocJBLX6xhd333",
"DPfcVFNirdPYpum4o8ZJ84dFBbbhqq8A32xCGNpkcfK2",
"7ptZ3Lq38hrdmZBjgi6FRWTzikYAQJ2CMBkvQMi1gmek",
"7Tj2Ec485Qvwgm57EaF62Z34HdZD1sCeVwNT9GHVXyVC",
"3wxFUV6drfRL5A3JwacLMVknDAE6w71hYPhPDSvcMiAX",
"29BDaw2k7fHkWv2j6AFvGU5HGf1EXL4CBL85MTE3aiNL",
"EY5WxE1mWyNatQT31bcsJLwLiGF2AE5AFMsvuGuv6VZ8",
"2owj9yoRuae71BwLwk8WE5KPM1iCveyiaxNCnZzHJh93",
"EgG9YYzNKyGyAeCNgXMAbkeqdnW4gHFucaiZnsTdSEoa",
"5vqrq8zXaV1wn5BqhGNs7L28TyDMwjaMDeRJu2NH7Zfo",
"8htP2F1Sft3tXvhk1eeaausASLFnUmScfsUxoyCgrK65",
"6aJ15DHsEYby7nLSwCBJaWsUFZyKnugqP3YvoLzv4nZj",
"GV4QMx3ZA18sAToVSjwxhXDvmT1cmSg9iFiTEHGaikkL",
"FGuqMh6n4qJSSxLVs2Wd2TALKWiyvMr8E8QUJdZxSw1E",
"23ukUhPBzPDVhKHfGeRJZmwZXoxgewkH56mLncnawgti",
"BmkUKo4AqkLtXZ5mg5nPuZ8L3WYaeFVtXDzXiZbhpRzx",
"2SxMDo6oUk1VqdDJEG5dVziS8K7uCEbekLbCKi9WBKBY",
"GQKpJKVoKY4K38CfRmsodshduJfq6UFBJNGwr82Xz7pk",
"J8W7oQhf9vcLcdM6xfFwi9sEuC2tdWtFriRpm4xn7FvV",
"3LG4kmpuRMwoaGKxxEmjSBitUxRjJQZXGAcGdVksRX4f",
"HRZNenuhucmPi7qKfLMLaSE26qrjeE56mkUXhwg5Wbna",
"93Qiv2wpybBzeQ2cbky2vvHLcuuD5WeViQJZibrsYxDK",
"EW9tBya6qDyocUAeE2X9NPYkvHVfLuodQUKuPpn92DTe",
"753Py37jxHTtnt13NLXxzSCeGe7ub3vFQYXJ2RnX62o6",
"D6dfe2N1n3m7KfZGiu9CTCHdgubmAhc6csZeTS3JPTjQ",
"3ZY7pC2E74vEkzvHVa95kJs6sj71Q9yiqjqibVyzniFe",
"DbEhuC81XQxkvDVidN4FPX7hhbdgzcckvNLbwwbiF12V",
"DSfmKpaukgcdTQPyB7mifu1qL2o1Gpzibp8ioUFWvNi7",
"FLEymooFyTmuRGLppoFEdF7SsPGjHKNqkdScbgyLU5cY",
"4hvk1vaJ31BQxMTw36AKBJFddunYBjvriBS5nsq8zgk7",
"6smG6zxLibyyEdeCjxmezMXUzZWz8suWm2i5psPPBYNi",
"9dFY3LwwTPbgsHyY86qHURAXqshmoRbe6K4YTdTzz2qy",
"Bpo16UmzkuNFzsnQggsZtbREGdP7W9WZyQCKdCeRgU2N",
"GTbMwJ1g2KRjLK5SiwJ3E6XJtKfvZ7RFXJ81ixRaFUfj",
"5j1d8H5zrtjwurPKFMMJMreL8mYrTfbzwJMRzU5gVcLd",
"FDv7skqCaKA3Ebt9AHSYgsaQQCNz7wonZrFPKWgxGbYz",
"H7koVgCGjyhSGovTyaz6a5WnitWGEU3yZN5VKwyVYx8g",
"FFutBcRZG383jTBxDosCPwSH1ajDa3EskVXrYKxjXqKU",
"9UTcA2m3MgHCQk2SwxrAPtLnXuRcUVxJCbT9SmdzD1Ms",
"DNTE7hSSGH25m4wfX4vv2jqzPAegKLv7wHUrczjyJ7r8",
"DcL5urxsSAhExWpvUQo6sHUKoGciM2ca2CpNKs4N9YxD",
"dFUP7xu9rXqdidJjVUzDC4LAD1Gj5MxHb7oUF4L198z",
"7wtz5SHX2pYMGjqW6MpCMckeNCmPFfAfcgB5vYJ12SUq",
"7igtecysJi3PScW6wmnU2KxTWvSS9BQ7wou1hECvgyyr",
"5EnY3Ym6pdjhXMyiMsX1kL1NvKuJiKuEguPhXfK6o7rS",
"kWY9iMofap1fumNd5W3UsWuEf939NzEwV787o9DKR5k",
"395GsEnUJsFqZZuykkkTN2Da7FSNAv4z3bmwNNQQu3G7",
"7vuFaWXNXmw4jXZ45MryZBn7ZSJu6XHnr19qGBc8Gue3",
"96PrX54DkRQXXytyspDjte5DfrfPby9Dk2DFf484NFUM",
"EpiogLEyFd2YEtf57J2x6yMuFhwpfnWUGcgezgrgQ9kv",
"8rNHkYwohn3GrUZWMT36YnFDNPox8GFD7qpwUaT15xGk",
"EbD4aaqaKY3jiRQujoCTmXiAWXm923SJJZGYPwhW3B48",
"Eu7LDm2ko6crXCovXzhYLjUEtAYdujWQWgSPc5TpveY6",
"HfdXKbN46SSx7MCDC5ZJNKAFbU9n6qtr7Qzoox3bzUpn",
"3KsLBxYqm3hxbGongvMcS5wUgfFNPe8gqmMtZnvnQ2Qw",
"24eU4Tdgtm4RDWkJQbBd9z2Du5aCyr5JtXccHgDsf8qa",
"6TVJwwH1Kj8kNikhN59qwTWrHqf4kmatBEgGWyVdXYxt",
"79DXf158SG5RF4fJ1GLDARXE28QvaaDr4wrgJVFhhC4E",
"8cqGAfxiVvHtT7ZFWKRR2PYiN1xB7mXUY8MMmFgYV45D",
"3K1fvur3e8G6BcuYCx99dHHCt4xxt9CNu4mdLEpxFGZk",
"EBrNtss4zL28C3VtSpx2r4D79nshNwexorP7koVwgaGV",
"4uqqoQqCKttD4HpFuk31qw9PJJ55Ze8q5sCaWkbhqtz7",
"6cVvxhxL96pjRx4wTMihJhFm1ia5PaFBNLFGdr6hjXAQ",
"2mkM85uryqqCeqgPKUToFVnRiFnuuLbgHRJ8nqCtAZ6k",
"CtLzE6W9v9pNTDv1oCSeZDyrLoYK9Lh4J7etKEJgtTyR",
"8ikNcj87E6cW9xfsjbW9cvnNs4L8YnRdgTwUpqURaj2h",
"3hsLSFDfVvsuND1XrHFXLNfwXeNShCRtNroodMgEM4Kr",
"2U8EiZRBLgqCL43FyaTJWDwzZ7bGDyLeaG9QFLyrnSuA",
"DedDYLYMK1BUiJDboQnedYPhTMDAGYEwHLMZTWV3Umax",
"2V9R1DYMee4nRPzB5ih6KvWy3YgCKLVk6Y1Sma58nxdr",
"Fnqbsa8MEgGSdixdafFcHmUEA643vQDiE9t1DEbo9wjn",
"9AH9YdVmnktbi4EC87TBFzXJruFcWnD3phEA3nbPiazV",
"A6UFgeeAPTBmvpCpeocnW2VyUv2Q8EGfiaYrN3iLc4My",
"GdvUrDN6EoyL7h4nQGt85kV1cHP8ykUaPmkG7NaQqGL1",
"6jyA34TkYEhHCBgmS9ZF1LN8BKh7zg2VeL6kNv4hZ6av",
"EcUkheWXs5KJGFrD8RJ7uCYrEJRmCdPDvuDhikH6zEHn",
"446ufVkPxRmJyUKo4usnLk6HXi3rUPnun5fZaJwZq78e",
"ABZ8nVqLvdmBPKhRgNu1fwsRyZRaahXeyGwiuK3ecJ4s",
"B6TmoWo4WQQ3PUyQaSv7xoX43ujKbQydeYeK2T5uPzaV",
"4tJkLhHNEDqQRH6iwG6XjGjQwyvDMqCgPD2LyDraMSMe",
"9642CG3QDaBzkDb1KFafXeJJEhU44SPYkvbk4D2B7was",
"Be6iuoU8HMHKu6dEwsnKey19d7BWX7p4kbyZ36gN1oas",
"FZcM2PXkFC9iAyAtqo8G9D1HdWFWc4bqpdu9iTbkGwgn",
"HGDhKVf5ohj4s2PjwWonFafy1LBgZVBxa5BFB8hHoYoe",
"3duhAsGQAXcNGSZNe6qyUUUdCRNfL8Jss6Q8FMFxabzq",
"3ZEDSWS1NJTVJv8Us5UJrjb9TvcYhSr3GMt8oQKcdS3d",
"ABgpYL68jXDjFZ7rLAWgfAA9mVM8HzAd1qNg4jRaJ1rL",
"ESRtvdTjVs49rCDkN8RVUu7G3mkrPqR4RQ6i1SGCt9im",
"EZiPfYGtQErXYuJEBf3sAvTZv3mUhpkUh61MejkkcxCg",
"4ymEtc2xhKVV67urezshSa5FSUbnTVD4tvDUbh8RuzUb",
"7CuuQb9FxHFoPRm1cdgsDp2CvDj79LgssbgaqnWa9qYN",
"AKDNRaz2mWgdYGdTBfC1ZGyQrSg2BPEjTZBHwprxpHMw",
"7oPa7XawqAcLx3SvUQqAs3i4KqJ9udaPvHeJenpJ6fXY",
"F8GFAfo71phJTUYBMTx1UEBxs1WCUBEmCe7weQeET7pR",
"pn17XDXrmatGBy427fpG2E6WjYd7c4DQvURhMhE6yRh",
"5Yk819oJCT7bmZWLGPDdyr2FKvDCSBoJ3pKD3J1Uh6ky",
"EcdVZHDnaU39WSgEACbAeaR4EQzM5Kneoswf98Va3ou3",
"HD6gLYT5WgkHjJ8Ti5E2ri3RAorfMkj3F5rTT2GMt5rZ",
"D96i1SjA7nTMHnP57wydC7AMG4nd84PkH5nwjLyygw4Q",
"Hz4srUogifY16s6dhUBqhEXjpo1LerHj7qWr4Jd21Stw",
"7ZYUDGYWZf3o4FFtD4T5A3iG94mtknhWA5Duzc3FPKAV",
"EMSLzP96M1xGUPxSA3ohd9ozzenkmQ4gq1CGNhX6a6H5",
"2pKE7dpmZPzuJMvTZ5yjVGbhkkMUZUYAAeajFqfT1vca",
"4cAJv53M4BtwdHQXuaGUecy9Wo7QRs8Ds7bGato8eXhv",
"Dt3g7dRNwcp81RpwXj3PS4dC2qgoejz87LaDpmaZxL3M",
"Gcxc5AAfTGNMVJfjM4jCghE3CQNgzcaxtg8om29LUVnf",
"HyPnYFcx4EbcFoHfqxLVXkoDhoubTXGN4fSdLY8ckwk5",
"AZqfaSenAivWgGR6F5C8uryVdifsnSxva4mP2St66qsQ",
"GZcgV7zMQqLBb33ZCvfRbqjSbrtoYHMzXARpte84CH6q",
"2tS8su94uH9fV6DTVRtjrqUkYSGy6ycFZeTrLV29Nsrg",
"5cHprohoNUUMPMKhp5mujysStcAQktizpyDw547QnxHt",
"6rxkV4wPhj1bZL45exjzG6dbqDBNDuahEEnU2Eee54ak",
"EwBs8NxcTYPn32A5GdgGr71DspQPrifLdJsQkQNydAVE",
"D77aLMEvq7Z57qzmn8xzq5AcnfTnM8TTwzAU1CLHF3Xv",
"5L4v6t12zpSMTSrFMztprn5AbrnzDf9nX4ycufaXzTmY",
"5w4KBjgqU4kqY1k6BmxGSEcbqcFS43729G5k19jiEGRh",
"C1hQkMRfNgAkxNGxo2QEjXmVwB71buZhtURYk6ZWyARo",
"6fsdcQkYxU2NiPN2592u5yPM7MKDG85cL7jcYRRVB85K",
"EdBtmuo5J9EEwdzqNc162mHLDBEDV3n9gQGQdw6z7yiy",
"HFK3PANuyq6gSv5yXSfJCAfyi2jF7bVm46GLGphoGL8J",
"3DNFQ7zgGggZ4uujiBRk2ACGnTZ1WWk7jVj1S5uj35H4",
"4dp2ZpjCbM1k5uM2EhXsFfnR11zGtpHHBA5FmRD2MXXX",
"8cyTbTowME2R3kaz5LnBuS95duyRsEbutF9762V6tkh2",
"Hd3Hv9LsuuaaPZRFawbYCxLwhEhHDjErwCGx9gwNYzVP",
"2WXCWbHMg7DgfJgfDVAZB8vhnqX7jJhPXDWPuNeEY5Y6",
"2P9d9YMpzuR5m37LSh79GL44v34zW6TvgxR8nasLTKCv",
"25J1SREpoh32B1bfn4F3vCSELtXjfU7hkNrb94CPqpqX",
"WAFBGhpSThWVRtfnfQzXAn5aS78pZb7UXKV7oySRW6J",
"A6KFZtpGMeXJbCFsGNAXxUiVHSTRU8Sm1pK7gKzfcVKv",
"7L1UQxaXRMKsvk5qZ2SfNUq1hcfrMYcSDyLcfnCcJcmG",
"GxE1UrkzhjcFb4em2wn3XPPUMKw5qMqeuzs7eQszLq3s",
"6qFDVFDekJhe12guiic9pmdcQ3xqf9GarruC7bpx82gu",
"FmJjTZczCWay6mX6zvZy75kJAZafpTtxCV3SJPDArhGq",
"BWwL5qM1VDxYUV6wjFzYk5wj6PvVHJ3bwf8oLD9BngFp",
"G1NiMn5PAsMo5TTXibZMmsSAoo5tGCtuyRNeMGQid7cL",
"8yzg7rTFytWygpzvG1hA2WAQ4Ptv3wEWSL9jayx3jfon",
"EkRHGxVCxwZG24vzzfRCHsMMhQwoWfYF2jhoJkS35wPH",
"6BUWcwrLyS6ZDEpUPaT3eoCZMAQPKBMUBR7aSNzUKU5d",
"Frf2xpK6gEy7J4uUdAXzmPN9fo2gtLJnS1C3pVYwQfFa",
"33AYv9yBZAAibAjg9wnDQuzkbhZ7GFmBtd4fDZnUpDRN",
"AGJatakyW5X8E69u6g6sHaAHSqfbY7LdCtEupFHtgo8z",
"BypyiPqtt2yL33cErHdGoE4NDEgCWJxDHTxdrZgEpGK1",
"8d2BqQ2Sm3h2AQYGX9Ey3ajYd47VLGzj6Zev3dxt6wzZ",
"VVFp7dkCTThRqMUbwX4av5Cpy8RfzB3crVdWEsnjfGr",
"HVEa1HWs5sosyJoGCxhYTgAdq8om2eSC2JM1EHi3L1zz",
"6QfbZkWLoF7zdDfTgT4m8EubnayjWGz4XSXPZboXhS7a",
"9sL75vY8NkaYvhWG259Mh1aNM4GN289GaRW6zapAzaPg",
"H7TkM5yhFs4Gywy5acQQhdh3Z3f3776FnfGJVhLacarn",
"DMfZ7ZKHMg6GQZ9gRDriFQ9PjyhEtT6tjK9LeKhLTFEg",
"Cyo5sTAw9efeCtYwmcFM5nHxwhkwdRrU1LJNcxkqkVkL",
"GPjb7r5ZWrwASFKHY48FsPXPSFVhg4ERR9tXZec3NmqX",
"5AkGqC7R8r4xCPEVzihxH1vyxaD1ZWxfz3DqCudivt3s",
"8w51Qag9uvn5VdDvEzkZLpQckrHr5dd3ePusD9myiGsw",
"DCWhDr2yvuxHPZKYPjxGd4KHYgkpduA9D2CH8MWcuwNG",
"DkFohs8E7HtbA7tUN8zbcaUTjB2FC8AGnxQjwEjJFGk3",
"6EByjkrFP9F1vfkxb7SLuET2YsX7vmsPXPpX74qCn8Sf",
"zHq5ZhqS2SPnocciTjuR7REve9JQVrjELiiDSTTh4Ss",
"9yzUfVaEeKpZMMhSrLiCSYomdryzQaMTDYpYE3Pvb4jt",
"6gc2sk2VdTavzgYdYAjnyGabCWgwM7RbQgCz9T6Dgurv",
"4i3f7qQaQyGUCkGuqbPJSQ4eakaJFs6XHTKLUECgUqNb",
"8GHXLEmH3e3nvVR1p6XSudEfBk5v5davRhqBGjxzN5Ww",
"12CsvZiAQaY9EU3L9pVs7BUzrfjmwJX9ufTRag8qdAud",
"6Lrbsb3KNNLCLaAt2VCHnATzURz5A5PRCsXEvDeSBC5c",
"LboKqfwXAVjXaSEXcFo8M83KkbzdKgtFGC64cpDMgkX",
"7NHgBCE7sYjnAm1QodbJFYnuqMwedaeJZeor171Dr3cZ",
"E83Y43RXqyd84hWU4BczPV4vTjwQAt9vUA1LCs1g6ETy",
"CVfo9fDgHbrQqQiBVB9myastHKfRPNzKckDboS76NbAp",
"BS3Tbo9FcdhzsNoX7p4cJdJmxQurDZqFaEcn49tPA5cg",
"HqqyGg38uYQRmUTUnCYaB2tBaQgRWNTxJxbUAxaro2sP",
"A4boAdreD1esgAjmyCePtwgxb84ChWNSvuC1qCS4XTky",
"27kSABnc6Gu8Y5ZZ7kLRXvKWBpXUhJP4L3s3a2BRA4v2",
"DuMRSKZk8xGkubAbwE1uXEy9zSbnpg1FXfeAkeMuN8KK",
"4Knri4pJhmkBYVPmpwFbjS4THZj197UYcw6fDLZ943WW",
"8xypnCaBPSygEGEThRdwSNCScD9VbWuP5bPXgrkKeLBg",
"GKdbJsLVi2gJW6uLi76waAFFPDZ3XhczMtptGieJEXyX",
"8YPVxMAc5tBBvi85Jk4Me3oY3iuixpCxZwWdAAgv295o",
"9DqBbGbq5z1krTnc7tmLtvCh14x1pCDQNadkaCZNWdWz",
"BquML6K5rY7ufgZJpgX2kZaoi7n3vwaCR6LgEevSAmcd",
"FQc2Mf5DjWhBQKvvaHf896B6MSZJ1PfcBco9w2D112uF",
"6pipLCjq26AHsbH1MH7hcD2arzG1kvfkjr37Gwevs6J6",
"7Ec49APsv32LBQaoxf22hn5QRG7Gm3eEBP7kdr5W44jd",
"A5zk5Xr2tVDmGKkxS59QqfG1PxNUqA3LdwbG3XF6hWgF",
"Gj4KYeWsLTRyupSHw45R4dZwHQqcXDRLnpdNkVsGuRus",
"ChB58q5UzozNyxLCDEmJvHGzo5WcthWo2Q7hDkZYAq8N",
"HqLN32d5biiCj4T9rjGuuLwAjXWgQGZDCCbE2vPBzysZ",
"6BAeaPS1pirTES1p9bUfvnWNJba7GyGrADpjoAexyX8b",
"3gcHATxqogHnKexi24tBjniFLanqdZLdqPgDSrBbXmdS",
"Db6oHkQFJtasVV8LK9ZbWrrMJq859r4M1oeSxLzUGYHi",
"DUHrdWSXcUhUYBh71sfFqd8S6wisPEJF8X4s1eg6f9fY",
"D6BPxCT2eQsMUajyFduKAKajVDoBCMf3oHvok7JgnFwc",
"AsTxgzn7K99tUUBcy88wSnGDnDbKFLWzwfhtV271rJCi",
"H2FsWqpDBGWTt3q2sU85VBpHe9bwR3PLF2n3NhXxjkCQ",
"9FkmWScCcWp7EnnZGCwkzn6zaaXCLBbsAXFLJsu2Tf6g",
"71oUiLifdxq2AK9vBCtLkAxUS1E5hyGPmzfVLSVrbQoh",
"CqXwgrF8MydgCEYahGW7uzjr4Af73pSoKSVkv3L3yLAx",
"3ztgxvEW7GwaF3ZwmkZf59TvyjXoJHWNR2uzFg3sWqhU",
"5vHKvzorigu4rwrD3jNqek3FGuJaNd3mHF8MGUu8nB9U",
"42yf541wL4WBsmuW4HhfynK4X3zbgjZ1xpcoA25TkFUt",
"3RQvo7PEsn9SxRnUAEa9yqubsNUNdLcreWwk9zLvBgnF",
"F21oNGABq9DHXxjLFxKVwYJosRc4YVnoHYtnZScf21FN",
"8yfNqXUDaKEAKH4yD9p9HZyw4c7a9EcT3zkKaJU3E9R6",
"HEGHYQa8xRk92QfVaN4hGne8LZhdSEPwR7xAQqxZRBML",
"AU8wJ6oPadpC3DkWpsnVwxdkHinHsWjYotnoimkFxRUs",
"4HcnbFAqUxwhJ9hvNMU28MCYZiMvWmHAmXrgGsSXteNg",
"JEC2qfbRWfHLCMW5GvnjZd5Nqfw6F8NC24Fbq8s8JN81",
"4FPcKBVSgzqW7BVgPCK24hwYfTYzsPvMBeZrJcAtoM6J",
"9oYtANJnokvc125coAqrx4Uaokcomm67mkEfwNekty5M",
"7iGkXzC3Rv1JzkJW1pXzVYneRwk85d61ZoyJYacsvjD3",
"Hq1VnBEyQrjBoPEMkXuAfayCBremLP7EHnbFHZ5TnoXP",
"DFDjtqodG4yuRsAVjV7wcyPL9KjXmwYHkk3EM1FU5X2Y",
"81Fr1GjppTrmVh7A7E8qfWm1x8wrYNpY7WdXg8prPtY5",
"FMtHVNjDj3weCxEp82wVrZ4cK624DbRPYfmL5bFCANiQ",
"Ae3iN9HqZeD1VrCtb2KnoMRfTTJLdhuauyofK5C6uuFE",
"5gKLpx4YYeTds7DxprsT7HiDZokx1Dc3NzfqkVn51i9D",
"FsXJe92Nk5yFwQCtpjmbpoSoFs4EFGWurtQ6FPu1w35f",
"FzF5j2H3mYi1363kYYPevCujur8oDujXkxyzwXtanxKA",
"A3Ufm4Uu9mnrkRtZc5hSRkaqCu8TyuQ3vGK5L38ifZsL",
"87qEDb3hia9YRGihhrxkhMg9jfJLG77mCwC3i5ZmHd4n",
"VdWRX87db3kxiRKcYmBHV32zNnYxFfmq3hP8hCBwYMQ",
"F95tkw1q6PYCJeqAyQqokJkngVSZ1hPRibqRvazKTNsZ",
"2Z2sx3vCPxP5TRuRTY7mGR9pkoRmA2FrTZYKH3gKkGRW",
"AMyQT4nm2xLy6aUo8ZLSTuY7s5HsoUYonL9S9z73vKah",
"CAq52ypxQ6bv8JLvwxgcFywowyvwqTQFaWc2XigETMvY",
"CHGkcydPaEeqUEkgQV98vCoBNzTzrVeTobeqMTgEff6A",
"DVGgrcacpLYWH7EcL95iaydsQ7JL2TatYGvJkgfnMfUq",
"7zWcHtQENpyPuanwBo1ACytMBAnthHccYFWR1yS7h2xy",
"2JDgXvM8ECMveHrLxph6qcFZLzg7bkJ2N2qtmy55D1BT",
"H1vJJVYYNKrJ4hHqMaLH6XUgPabmaiUsD3KBU2Fp3Jji",
"BE1f1xvkLpsLpZKUvZP5g85FrGFcmmCcB8PnqDqec8A2",
"FkyzEN4WbGuV6JVtN38wHHuRGBYn6UEpoHCZ332agHFk",
"F8tiaDvkE7CagEyf2DigymMVJqk1GjzngYnDenPaFMeJ",
"Ff89W6JuBMAbzTpV6gF6KodMBAWkuTExiocnSqnj1UdM",
"26xL1BqxYgr4orryEDE12xDpzhaBc6SsdCocefBM53ss",
"GbqvHrWnYGkVJqgwrWd8Tsh4TV9YwaP8CEYXnqqjcrPq",
"F2A8SibCCFsHmN4yXNNb1wEyjjwvfbe3U9RcAPWt1jrq",
"6KrHeF1WEymN6zVWnR8dNBPMfPqUcx9FZqhcmaHqDFUD",
"3VusCFqHsEwYRkZk1KmuYsoG1Baet7t4y4pzEMoVtfZb",
"AbV6cytCKgKV6b5cAJRqxombveXRwNZ3CGyREiVzu31w",
"9ArtPjF4m5YBvdG1X3kvp7iupJHnY8YLKT5NP1MafNwd",
"F8VefcWo27nBhHBuAa7yyefBZYzWporgLcQcZ9Z2aeCx",
"2iM26ykNSaxWiLKWkmu8ep8mSU4ATT2BjmTvvtfP8ZHs",
"9MYPvCLTpXxCKNaHZn8je3J6rBMUu26ytpVkYQeEe1wB",
"F4Djwp5QTqihxnCXXwjj5UYHLDko7oMYPEQRUra9cMZe",
"BSuD5KxK9qfVeDKHkenbyrQ1V8bgXi3sJDELfxYS6VEm",
"9v85Pc1Q8HP4KBVz7wJsjtfdtgaZYoQnez5J2H3T5PPg",
"4twJHa1DFTAQpuuAcQRT7SJV174poABTuYysAMrKh42P",
"Aaws8YuCUoFcTTHiF12jhyAovrS3gbe7m1EX4Ey5e9mT",
"H2nTwwVk7dQAeqAcqrgyZwMWEtYzQNwXFND8BvV7jEue",
"3dY8VrsE68ZZQ66GFkiBzmX3xkyjtM6g2haRtuaVNpWS",
"5fdDconRNaFKzUkBn4CQDLFhhyP4bwnxhCVTbjLJHeJk",
"U52LNJMdQmEqmsqpBVWEceuusNR366SWURV7SXFFtV8",
"3ezRaTAiQNd6LgeenVK4rmGqKLBg1yMvaMtH2c3HfhZm",
"7fGqBJF62S89ZPGNnb7MNAyhKPsvDrS4kkHABU77Kq7F",
"7XngoBAASuNx7XdVWdMPYMVDF84T9fmv7tdyMpqgvLtE",
"AWcLCdjDZCAEgsWQU1oJzx3WBL5LbyQHvDYtD5YeEmXZ",
"as7juv2zrnx1Uu2XSjwbMEWBHo4UjU1Tq14bYYJrqLM",
"7Znng8JCynCL5WBxYFiiwXjvNS98vELMtgBCAF96Z7sv",
"5JD9zcGiANZN6jFa8wGkZvciDSGBx7tt5RZcCH5mwhrm",
"9WXSB8D4ZH6VkszQFzJBMhsL7CgpmqWKUseUZQ4NYDiQ",
"HB4hmbPK1K1RJs8qkf7QhjaNCCZFvVRqJSYisXYrbaBj",
"AXuobkfnGVSaZMLyDEBW1nHLJ5g3JvFkMSNzU8C1NF3r",
"4kKh2bP1XgtdykMTwSa7GcgSAwYeXtd2xp2xNjvko6Jg",
"9NA2nxRzR3tPXyVJ9Mu1snVfxHSgq6fz4a8STjhADNAi",
"GqmQzwAwob3142iJesn1Hju2EQzhiMPTLxmYnVS3an8v",
"8wwqJMAP1vNmk5yTb4MxYnTCyaCjfNTGJGzc68NaYdL6",
"5uLSEoR96iNHYoBqgfCZwM7FCzqcwshphVZ4hcMbhjEu",
"Fp6mw8fdtvQqFDwMLffgmMj23XKzbVZCQ8cA9assEVGn",
"A5bEohjYiYdoPLz2P9vNsLeQCjqpGUZUL9VmYDHYgxvK",
"J7ubts7DtpJHNps9jdeQ43aKG4sSxckLGwCpXs2oehD6",
"2N5cjqcKx8bAwm5fDToAyQjDqRt9AUrQzhU6puCHFvHB",
"C6Cw74xynyeMDXd5wyw3JtxnmrKGviqtK4wBbf1cPeoB",
"8omCMBiwQYSpd3ydAicVzCc6F7VxSAtrnKEibXTmhi6M",
"8oWrEM4VfbmimRueGv63VRmbRPGNJrCVSpVmEdLiTxNK",
"37HyrRMoXDY8GajfdAqKZbyibMHkvu8vrhz4m3HpC1vq",
"65CFz3HAwT95BbUvZ3duPDEHox7rdctoALKEeFPJGS72",
"AXrqFgfSkow7SunUsisgs2qJux3t57s3QPC84WMayK8o",
"HKEGNgfn6w4kBBNTmdRjSwFcaYmparzpobxzN32XzRrv",
"By5bSivEKVvx6H5AFwXQYjNLmeqBwoXHUYtU3sLoBQPS",  
